CustomerID,DateTime,BookToMarket,BusinessPosition,BusinessType,Businessvolume,EquipmentPrice,HoursUsage,Marketcap,MonthlyMaintenance,Noofdevices,NumberOfEmployees,ProductWeight,Profit,TotalRevenue,category,BusinessPosition_Stable,BusinessPosition_Growth,BusinessPosition_Decline,BusinessType_1,BusinessType_2,BusinessType_3,BusinessType_4,category_Power_Tools,category_Hilti_Services,category_Contractor_Services,category_Fastners_Firestop_Strut,Rank
98761259,Jun-18,0.77,Stable,1,2,8198,10,2,2927,38,75,247,0.51,2,Power Tools,1,0,0,1,0,0,0,1,0,0,0,3
98761259,Jun-18,0.71,Stable,1,2,2757,3,9,3715,15,75,512,0.58,5,Hilti Services,1,0,0,1,0,0,0,0,1,0,0,3
98761259,Jun-18,0.92,Stable,1,2,2254,12,2,2498,68,75,903,0.76,10,Contractor Services,1,0,0,1,0,0,0,0,0,1,0,3
98761259,Jun-18,2.18,Stable,1,1,5866,6,9,2701,16,75,376,0.34,8,Fastners Firestop Strut,1,0,0,1,0,0,0,0,0,0,1,2
98761260,Jun-18,1.66,Growth,1,2,3242,11,2,4769,55,33000,132,0.6,9,Power Tools,0,1,0,1,0,0,0,1,0,0,0,1
98761260,Jun-18,1.26,Growth,1,1,1812,12,5,1870,34,33000,261,0.68,1,Hilti Services,0,1,0,1,0,0,0,0,1,0,0,2
98761260,Jun-18,1.22,Growth,1,3,7206,13,5,4993,35,33000,738,0.64,6,Contractor Services,0,1,0,1,0,0,0,0,0,1,0,3
98761260,Jun-18,1.34,Growth,1,2,7368,2,6,1725,16,33000,646,0.68,8,Fastners Firestop Strut,0,1,0,1,0,0,0,0,0,0,1,2
98761261,Jun-18,0.85,Decline,1,3,4596,12,9,2474,42,90,210,0.45,3,Power Tools,0,0,1,1,0,0,0,1,0,0,0,3
98761261,Jun-18,1.12,Decline,1,1,2085,10,5,2627,61,90,351,0.22,5,Hilti Services,0,0,1,1,0,0,0,0,1,0,0,2
98761261,Jun-18,1.62,Decline,1,2,8091,12,5,655,11,90,426,0.27,2,Contractor Services,0,0,1,1,0,0,0,0,0,1,0,3
98761261,Jun-18,0.34,Decline,1,1,8118,8,10,537,12,90,211,0.93,2,Fastners Firestop Strut,0,0,1,1,0,0,0,0,0,0,1,1
98761262,Jun-18,2.21,Growth,1,1,3356,8,3,4580,50,3000,751,0.49,2,Power Tools,0,1,0,1,0,0,0,1,0,0,0,2
98761262,Jun-18,0.79,Growth,1,2,1323,11,10,1981,22,3000,524,0.62,6,Hilti Services,0,1,0,1,0,0,0,0,1,0,0,3
98761262,Jun-18,2.34,Growth,1,1,8244,5,3,1580,53,3000,376,0.42,5,Contractor Services,0,1,0,1,0,0,0,0,0,1,0,1
98761262,Jun-18,0.84,Growth,1,3,3483,16,7,3282,50,3000,808,0.62,5,Fastners Firestop Strut,0,1,0,1,0,0,0,0,0,0,1,1
98761263,Jun-18,2.82,Growth,1,1,2550,1,7,4452,70,750,421,0.39,10,Power Tools,0,1,0,1,0,0,0,1,0,0,0,2
98761263,Jun-18,1.21,Growth,1,3,1126,13,10,3570,45,750,227,0.12,2,Hilti Services,0,1,0,1,0,0,0,0,1,0,0,1
98761263,Jun-18,0.78,Growth,1,3,6920,3,7,1787,59,750,626,0.87,3,Contractor Services,0,1,0,1,0,0,0,0,0,1,0,2
98761263,Jun-18,2.25,Growth,1,1,8900,4,7,2992,42,750,676,0.67,1,Fastners Firestop Strut,0,1,0,1,0,0,0,0,0,0,1,2
98761264,Jun-18,1.68,Growth,1,2,9357,8,3,777,49,125,230,0.98,6,Power Tools,0,1,0,1,0,0,0,1,0,0,0,1
98761264,Jun-18,1.81,Growth,1,1,2709,11,5,3216,42,125,181,0.37,4,Hilti Services,0,1,0,1,0,0,0,0,1,0,0,1
98761264,Jun-18,2.77,Growth,1,1,6169,15,9,4202,13,125,335,0.62,4,Contractor Services,0,1,0,1,0,0,0,0,0,1,0,3
98761264,Jun-18,0.67,Growth,1,2,9973,3,1,4302,11,125,545,0.31,2,Fastners Firestop Strut,0,1,0,1,0,0,0,0,0,0,1,1
98761265,Jun-18,2.15,Growth,1,1,2094,6,9,3830,60,125,100,0.51,5,Power Tools,0,1,0,1,0,0,0,1,0,0,0,1
98761265,Jun-18,2.97,Growth,1,1,8169,16,8,740,52,125,336,0.75,4,Hilti Services,0,1,0,1,0,0,0,0,1,0,0,3
98761265,Jun-18,0.39,Growth,1,3,3513,10,9,1055,14,125,709,0.67,5,Contractor Services,0,1,0,1,0,0,0,0,0,1,0,2
98761265,Jun-18,1.04,Growth,1,2,2726,6,4,4150,38,125,592,0.55,7,Fastners Firestop Strut,0,1,0,1,0,0,0,0,0,0,1,1
98761266,Jun-18,1.01,Stable,1,1,1299,13,8,2035,65,400,866,0.24,6,Power Tools,1,0,0,1,0,0,0,1,0,0,0,3
98761266,Jun-18,2.46,Stable,1,3,9918,10,9,4704,48,400,374,0.44,6,Hilti Services,1,0,0,1,0,0,0,0,1,0,0,2
98761266,Jun-18,1.79,Stable,1,3,6980,16,8,3073,45,400,931,0.45,7,Contractor Services,1,0,0,1,0,0,0,0,0,1,0,1
98761266,Jun-18,0.69,Stable,1,3,7443,3,7,4656,60,400,758,0.6,1,Fastners Firestop Strut,1,0,0,1,0,0,0,0,0,0,1,3
98761267,Jun-18,0.61,Growth,1,2,947,10,9,4210,48,400,124,0.96,6,Power Tools,0,1,0,1,0,0,0,1,0,0,0,3
98761267,Jun-18,2.75,Growth,1,2,4800,11,3,4256,44,400,838,0.44,6,Hilti Services,0,1,0,1,0,0,0,0,1,0,0,2
98761267,Jun-18,2.2,Growth,1,3,2173,8,2,540,38,400,262,0.26,8,Contractor Services,0,1,0,1,0,0,0,0,0,1,0,1
98761267,Jun-18,0.94,Growth,1,1,8068,9,9,1059,20,400,521,0.26,9,Fastners Firestop Strut,0,1,0,1,0,0,0,0,0,0,1,2
98761268,Jun-18,0.61,Growth,1,2,3669,1,6,3927,57,3500,442,0.47,10,Power Tools,0,1,0,1,0,0,0,1,0,0,0,1
98761268,Jun-18,2.67,Growth,1,3,9118,13,5,3694,17,3500,790,0.68,2,Hilti Services,0,1,0,1,0,0,0,0,1,0,0,3
98761268,Jun-18,1.71,Growth,1,2,3738,7,8,4341,28,3500,411,0.37,4,Contractor Services,0,1,0,1,0,0,0,0,0,1,0,3
98761268,Jun-18,2.5,Growth,1,2,544,1,3,2900,27,3500,531,0.31,1,Fastners Firestop Strut,0,1,0,1,0,0,0,0,0,0,1,1
98761269,Jun-18,0.81,Growth,1,2,248,9,9,4250,10,150,935,0.86,7,Power Tools,0,1,0,1,0,0,0,1,0,0,0,2
98761269,Jun-18,1.86,Growth,1,3,1752,10,5,4910,58,150,929,0.21,10,Hilti Services,0,1,0,1,0,0,0,0,1,0,0,3
98761269,Jun-18,1.85,Growth,1,1,6963,2,5,1739,31,150,525,0.39,4,Contractor Services,0,1,0,1,0,0,0,0,0,1,0,3
98761269,Jun-18,2.23,Growth,1,1,9468,7,5,4248,26,150,952,0.96,5,Fastners Firestop Strut,0,1,0,1,0,0,0,0,0,0,1,1
98761270,Jun-18,0.82,Growth,1,1,9817,12,10,4865,62,375,129,0.76,6,Power Tools,0,1,0,1,0,0,0,1,0,0,0,2
98761270,Jun-18,0.63,Growth,1,3,2155,3,2,4402,28,375,121,0.85,9,Hilti Services,0,1,0,1,0,0,0,0,1,0,0,2
98761270,Jun-18,1.59,Growth,1,3,5166,7,5,4390,50,375,221,0.36,5,Contractor Services,0,1,0,1,0,0,0,0,0,1,0,1
98761270,Jun-18,2.05,Growth,1,3,2099,11,7,2785,39,375,552,0.98,9,Fastners Firestop Strut,0,1,0,1,0,0,0,0,0,0,1,3
98761271,Jun-18,2.46,Growth,1,3,8245,15,4,722,23,125,897,0.58,6,Power Tools,0,1,0,1,0,0,0,1,0,0,0,1
98761271,Jun-18,2.84,Growth,1,3,6891,7,9,1798,64,125,378,0.95,5,Hilti Services,0,1,0,1,0,0,0,0,1,0,0,3
98761271,Jun-18,2.85,Growth,1,1,8703,16,1,957,38,125,596,0.7,7,Contractor Services,0,1,0,1,0,0,0,0,0,1,0,2
98761271,Jun-18,2.89,Growth,1,3,8942,16,7,1647,37,125,838,0.18,2,Fastners Firestop Strut,0,1,0,1,0,0,0,0,0,0,1,1
98761272,Jun-18,2.2,Decline,1,1,5702,5,1,3108,30,120,309,0.4,4,Power Tools,0,0,1,1,0,0,0,1,0,0,0,1
98761272,Jun-18,2.08,Decline,1,3,8139,13,3,1008,10,120,501,0.86,3,Hilti Services,0,0,1,1,0,0,0,0,1,0,0,1
98761272,Jun-18,2.58,Decline,1,3,4210,5,8,1233,70,120,687,0.59,2,Contractor Services,0,0,1,1,0,0,0,0,0,1,0,3
98761272,Jun-18,1.38,Decline,1,1,5623,6,10,2223,53,120,531,0.35,2,Fastners Firestop Strut,0,0,1,1,0,0,0,0,0,0,1,3
98761273,Jun-18,2.44,Growth,1,3,9110,11,5,690,42,125,775,0.54,9,Power Tools,0,1,0,1,0,0,0,1,0,0,0,1
98761273,Jun-18,0.59,Growth,1,2,3256,14,3,3419,24,125,185,0.71,1,Hilti Services,0,1,0,1,0,0,0,0,1,0,0,1
98761273,Jun-18,2.99,Growth,1,1,2580,1,5,1610,20,125,844,0.68,10,Contractor Services,0,1,0,1,0,0,0,0,0,1,0,3
98761273,Jun-18,1.19,Growth,1,2,3124,9,2,2185,16,125,971,0.82,10,Fastners Firestop Strut,0,1,0,1,0,0,0,0,0,0,1,1
98761274,Jun-18,0.45,Growth,1,3,7806,6,6,1450,18,400,565,0.46,4,Power Tools,0,1,0,1,0,0,0,1,0,0,0,1
98761274,Jun-18,1.47,Growth,1,2,3012,10,7,4912,40,400,846,0.92,4,Hilti Services,0,1,0,1,0,0,0,0,1,0,0,2
98761274,Jun-18,2.0,Growth,1,3,628,3,10,2920,48,400,316,0.16,9,Contractor Services,0,1,0,1,0,0,0,0,0,1,0,1
98761274,Jun-18,1.52,Growth,1,3,3571,8,1,2205,11,400,954,0.29,7,Fastners Firestop Strut,0,1,0,1,0,0,0,0,0,0,1,1
98761275,Jun-18,0.61,Growth,1,2,3972,4,5,1249,48,3500,311,0.39,9,Power Tools,0,1,0,1,0,0,0,1,0,0,0,2
98761275,Jun-18,1.26,Growth,1,3,6147,13,6,4218,37,3500,167,0.78,10,Hilti Services,0,1,0,1,0,0,0,0,1,0,0,2
98761275,Jun-18,1.81,Growth,1,3,9498,3,3,2861,21,3500,494,0.51,6,Contractor Services,0,1,0,1,0,0,0,0,0,1,0,1
98761275,Jun-18,2.46,Growth,1,2,1743,8,6,689,23,3500,250,0.18,3,Fastners Firestop Strut,0,1,0,1,0,0,0,0,0,0,1,2
98761276,Jun-18,2.54,Growth,1,2,8363,9,2,4507,24,750,273,0.41,10,Power Tools,0,1,0,1,0,0,0,1,0,0,0,2
98761276,Jun-18,0.77,Growth,1,1,6164,11,9,2494,38,750,391,0.12,10,Hilti Services,0,1,0,1,0,0,0,0,1,0,0,1
98761276,Jun-18,2.69,Growth,1,2,232,12,6,1220,67,750,842,0.92,6,Contractor Services,0,1,0,1,0,0,0,0,0,1,0,3
98761276,Jun-18,2.13,Growth,1,2,9123,16,8,1041,60,750,591,0.28,9,Fastners Firestop Strut,0,1,0,1,0,0,0,0,0,0,1,2
98761277,Jun-18,0.82,Stable,1,3,6268,1,1,4081,40,678,815,0.99,6,Power Tools,1,0,0,1,0,0,0,1,0,0,0,1
98761277,Jun-18,2.3,Stable,1,1,9295,7,5,3658,46,678,225,0.83,6,Hilti Services,1,0,0,1,0,0,0,0,1,0,0,1
98761277,Jun-18,2.5,Stable,1,1,3122,6,6,1385,43,678,237,0.99,7,Contractor Services,1,0,0,1,0,0,0,0,0,1,0,2
98761277,Jun-18,2.84,Stable,1,2,7793,3,8,4668,26,678,812,0.28,3,Fastners Firestop Strut,1,0,0,1,0,0,0,0,0,0,1,3
98761309,Jun-18,2.18,Growth,1,1,4609,11,5,2717,33,7500,654,0.25,10,Power Tools,0,1,0,1,0,0,0,1,0,0,0,2
98761309,Jun-18,1.79,Growth,1,2,4938,4,5,1416,18,7500,604,0.54,6,Hilti Services,0,1,0,1,0,0,0,0,1,0,0,3
98761309,Jun-18,1.55,Growth,1,3,399,10,8,2824,18,7500,255,0.98,2,Contractor Services,0,1,0,1,0,0,0,0,0,1,0,1
98761309,Jun-18,2.08,Growth,1,3,3003,10,1,1711,63,7500,452,0.37,7,Fastners Firestop Strut,0,1,0,1,0,0,0,0,0,0,1,3
98761310,Jun-18,0.45,Stable,1,1,1358,3,2,3240,33,350,148,0.15,7,Power Tools,1,0,0,1,0,0,0,1,0,0,0,1
98761310,Jun-18,0.43,Stable,1,1,2949,4,9,2580,14,350,738,0.88,2,Hilti Services,1,0,0,1,0,0,0,0,1,0,0,1
98761310,Jun-18,0.81,Stable,1,3,1278,13,6,2046,35,350,948,0.24,9,Contractor Services,1,0,0,1,0,0,0,0,0,1,0,1
98761310,Jun-18,2.96,Stable,1,1,8856,12,3,3488,30,350,442,0.43,7,Fastners Firestop Strut,1,0,0,1,0,0,0,0,0,0,1,2
98761311,Jun-18,1.74,Growth,1,3,8828,6,10,627,46,750,768,0.72,6,Power Tools,0,1,0,1,0,0,0,1,0,0,0,1
98761311,Jun-18,1.29,Growth,1,3,7917,15,10,2281,39,750,328,0.99,5,Hilti Services,0,1,0,1,0,0,0,0,1,0,0,3
98761311,Jun-18,2.35,Growth,1,3,4749,1,7,4518,10,750,939,0.84,6,Contractor Services,0,1,0,1,0,0,0,0,0,1,0,3
98761311,Jun-18,0.38,Growth,1,3,1197,2,8,3651,20,750,783,0.24,8,Fastners Firestop Strut,0,1,0,1,0,0,0,0,0,0,1,3
98761312,Jun-18,1.39,Growth,1,1,7364,4,3,1652,20,350,601,0.18,2,Power Tools,0,1,0,1,0,0,0,1,0,0,0,2
98761312,Jun-18,2.53,Growth,1,3,5995,11,10,2908,57,350,101,0.68,3,Hilti Services,0,1,0,1,0,0,0,0,1,0,0,3
98761312,Jun-18,0.98,Growth,1,1,6984,10,4,1285,25,350,758,0.58,9,Contractor Services,0,1,0,1,0,0,0,0,0,1,0,3
98761312,Jun-18,2.81,Growth,1,3,3940,1,5,4042,43,350,802,0.75,8,Fastners Firestop Strut,0,1,0,1,0,0,0,0,0,0,1,3
98761313,Jun-18,0.93,Growth,1,3,8713,13,3,2668,32,350,144,0.86,10,Power Tools,0,1,0,1,0,0,0,1,0,0,0,3
98761313,Jun-18,1.41,Growth,1,2,588,16,9,4479,41,350,598,0.51,10,Hilti Services,0,1,0,1,0,0,0,0,1,0,0,2
98761313,Jun-18,1.31,Growth,1,1,1053,14,1,4989,52,350,438,0.19,6,Contractor Services,0,1,0,1,0,0,0,0,0,1,0,2
98761313,Jun-18,0.57,Growth,1,3,288,9,5,3508,24,350,669,0.6,4,Fastners Firestop Strut,0,1,0,1,0,0,0,0,0,0,1,3
98761314,Jun-18,1.71,Stable,1,1,6655,7,4,3401,61,3500,926,0.37,9,Power Tools,1,0,0,1,0,0,0,1,0,0,0,1
98761314,Jun-18,0.85,Stable,1,2,4728,4,10,4686,59,3500,313,0.42,3,Hilti Services,1,0,0,1,0,0,0,0,1,0,0,1
98761314,Jun-18,1.78,Stable,1,2,1205,4,1,1361,51,3500,480,0.63,2,Contractor Services,1,0,0,1,0,0,0,0,0,1,0,3
98761314,Jun-18,2.21,Stable,1,2,5530,11,6,3193,57,3500,856,0.83,9,Fastners Firestop Strut,1,0,0,1,0,0,0,0,0,0,1,3
98761315,Jun-18,1.02,Growth,1,1,7443,4,5,3912,20,42,930,0.81,7,Power Tools,0,1,0,1,0,0,0,1,0,0,0,3
98761315,Jun-18,2.27,Growth,1,1,2609,13,4,3836,13,42,290,0.4,7,Hilti Services,0,1,0,1,0,0,0,0,1,0,0,3
98761315,Jun-18,0.95,Growth,1,1,534,5,1,1609,40,42,420,0.74,4,Contractor Services,0,1,0,1,0,0,0,0,0,1,0,3
98761315,Jun-18,2.22,Growth,1,3,3635,2,9,2151,12,42,358,0.86,4,Fastners Firestop Strut,0,1,0,1,0,0,0,0,0,0,1,1
98761316,Jun-18,2.15,Growth,1,3,216,1,2,603,46,170,985,0.6,1,Power Tools,0,1,0,1,0,0,0,1,0,0,0,3
98761316,Jun-18,2.72,Growth,1,2,5773,10,7,2921,42,170,950,0.52,8,Hilti Services,0,1,0,1,0,0,0,0,1,0,0,1
98761316,Jun-18,2.88,Growth,1,2,7217,12,7,2996,19,170,795,0.86,6,Contractor Services,0,1,0,1,0,0,0,0,0,1,0,2
98761316,Jun-18,0.89,Growth,1,1,6234,16,2,2332,61,170,489,0.85,4,Fastners Firestop Strut,0,1,0,1,0,0,0,0,0,0,1,2
98761317,Jun-18,2.2,Growth,1,1,8831,2,3,4848,21,750,691,0.9,9,Power Tools,0,1,0,1,0,0,0,1,0,0,0,2
98761317,Jun-18,0.82,Growth,1,2,9707,2,1,1218,63,750,798,0.34,1,Hilti Services,0,1,0,1,0,0,0,0,1,0,0,3
98761317,Jun-18,2.35,Growth,1,3,9756,11,4,3652,32,750,626,0.74,6,Contractor Services,0,1,0,1,0,0,0,0,0,1,0,3
98761317,Jun-18,1.74,Growth,1,1,2535,5,7,1528,38,750,541,0.35,2,Fastners Firestop Strut,0,1,0,1,0,0,0,0,0,0,1,2
98761318,Jun-18,2.67,Growth,1,3,3079,3,5,4991,60,42,774,0.99,4,Power Tools,0,1,0,1,0,0,0,1,0,0,0,3
98761318,Jun-18,2.3,Growth,1,3,3271,14,2,3493,14,42,541,0.44,1,Hilti Services,0,1,0,1,0,0,0,0,1,0,0,3
98761318,Jun-18,0.6,Growth,1,1,9628,15,3,1825,54,42,739,0.98,10,Contractor Services,0,1,0,1,0,0,0,0,0,1,0,3
98761318,Jun-18,0.84,Growth,1,3,4166,10,6,2235,28,42,964,0.51,2,Fastners Firestop Strut,0,1,0,1,0,0,0,0,0,0,1,2
98761333,Jun-18,2.74,Growth,1,2,7285,7,6,3982,56,7500,370,0.91,5,Power Tools,0,1,0,1,0,0,0,1,0,0,0,2
98761333,Jun-18,1.31,Growth,1,1,7461,5,8,710,27,7500,922,0.26,1,Hilti Services,0,1,0,1,0,0,0,0,1,0,0,2
98761333,Jun-18,2.27,Growth,1,2,959,5,2,1648,37,7500,374,0.66,5,Contractor Services,0,1,0,1,0,0,0,0,0,1,0,2
98761333,Jun-18,2.42,Growth,1,1,1192,1,8,3232,67,7500,953,0.55,8,Fastners Firestop Strut,0,1,0,1,0,0,0,0,0,0,1,1
98761334,Jun-18,0.57,Growth,1,1,2829,5,6,3422,38,3500,236,0.77,6,Power Tools,0,1,0,1,0,0,0,1,0,0,0,1
98761334,Jun-18,2.17,Growth,1,3,4920,3,10,4225,52,3500,884,0.95,3,Hilti Services,0,1,0,1,0,0,0,0,1,0,0,2
98761334,Jun-18,1.67,Growth,1,1,6347,2,4,1188,33,3500,225,0.28,2,Contractor Services,0,1,0,1,0,0,0,0,0,1,0,1
98761334,Jun-18,1.03,Growth,1,1,1184,2,10,659,13,3500,350,0.68,9,Fastners Firestop Strut,0,1,0,1,0,0,0,0,0,0,1,1
98761335,Jun-18,0.94,Decline,1,1,8882,4,8,1202,42,750,374,0.59,3,Power Tools,0,0,1,1,0,0,0,1,0,0,0,2
98761335,Jun-18,0.88,Decline,1,2,7548,9,6,4391,56,750,215,0.9,2,Hilti Services,0,0,1,1,0,0,0,0,1,0,0,1
98761335,Jun-18,1.58,Decline,1,1,5621,8,9,920,37,750,333,0.43,2,Contractor Services,0,0,1,1,0,0,0,0,0,1,0,1
98761335,Jun-18,2.93,Decline,1,2,1399,6,7,1440,17,750,684,0.47,4,Fastners Firestop Strut,0,0,1,1,0,0,0,0,0,0,1,3
98761336,Jun-18,0.7,Decline,1,2,9435,8,8,1516,15,3500,404,0.81,8,Power Tools,0,0,1,1,0,0,0,1,0,0,0,2
98761336,Jun-18,2.81,Decline,1,1,1732,3,8,4543,12,3500,413,0.62,6,Hilti Services,0,0,1,1,0,0,0,0,1,0,0,3
98761336,Jun-18,2.59,Decline,1,3,1563,10,3,4856,62,3500,208,0.65,2,Contractor Services,0,0,1,1,0,0,0,0,0,1,0,2
98761336,Jun-18,1.78,Decline,1,3,2851,10,4,3787,35,3500,180,0.12,5,Fastners Firestop Strut,0,0,1,1,0,0,0,0,0,0,1,3
98761337,Jun-18,0.85,Decline,1,1,4156,2,3,735,37,350,688,0.21,9,Power Tools,0,0,1,1,0,0,0,1,0,0,0,2
98761337,Jun-18,2.48,Decline,1,1,1150,5,3,4335,10,350,880,0.12,7,Hilti Services,0,0,1,1,0,0,0,0,1,0,0,2
98761337,Jun-18,1.7,Decline,1,1,6276,1,4,3052,60,350,375,0.8,1,Contractor Services,0,0,1,1,0,0,0,0,0,1,0,2
98761337,Jun-18,1.72,Decline,1,2,2595,16,3,1378,47,350,317,0.61,4,Fastners Firestop Strut,0,0,1,1,0,0,0,0,0,0,1,3
98761338,Jun-18,0.93,Decline,1,1,6927,15,7,2110,37,170,272,0.47,5,Power Tools,0,0,1,1,0,0,0,1,0,0,0,3
98761338,Jun-18,0.33,Decline,1,1,6107,16,5,2829,47,170,874,0.44,4,Hilti Services,0,0,1,1,0,0,0,0,1,0,0,3
98761338,Jun-18,2.73,Decline,1,2,6587,4,7,2292,69,170,575,0.35,7,Contractor Services,0,0,1,1,0,0,0,0,0,1,0,1
98761338,Jun-18,2.02,Decline,1,1,7973,2,2,4446,45,170,139,0.24,4,Fastners Firestop Strut,0,0,1,1,0,0,0,0,0,0,1,1
98761339,Jun-18,2.55,Decline,1,3,2269,4,1,2590,15,350,941,0.35,3,Power Tools,0,0,1,1,0,0,0,1,0,0,0,2
98761339,Jun-18,1.19,Decline,1,1,8937,3,1,4613,53,350,457,0.92,2,Hilti Services,0,0,1,1,0,0,0,0,1,0,0,3
98761339,Jun-18,0.79,Decline,1,3,545,6,6,3217,17,350,926,0.29,9,Contractor Services,0,0,1,1,0,0,0,0,0,1,0,3
98761339,Jun-18,1.03,Decline,1,3,4771,8,9,2734,17,350,198,0.68,4,Fastners Firestop Strut,0,0,1,1,0,0,0,0,0,0,1,1
98761340,Jun-18,1.29,Decline,1,1,5186,6,10,1872,38,750,960,0.26,1,Power Tools,0,0,1,1,0,0,0,1,0,0,0,2
98761340,Jun-18,2.19,Decline,1,3,1421,8,6,3109,47,750,334,0.98,8,Hilti Services,0,0,1,1,0,0,0,0,1,0,0,3
98761340,Jun-18,2.15,Decline,1,2,3269,6,4,4448,70,750,345,0.77,6,Contractor Services,0,0,1,1,0,0,0,0,0,1,0,3
98761340,Jun-18,0.71,Decline,1,1,6713,6,3,1168,64,750,425,0.49,8,Fastners Firestop Strut,0,0,1,1,0,0,0,0,0,0,1,2
98761341,Jun-18,1.24,Decline,1,1,9748,7,8,3229,42,350,439,0.31,6,Power Tools,0,0,1,1,0,0,0,1,0,0,0,2
98761341,Jun-18,2.93,Decline,1,3,8566,7,5,827,15,350,703,0.34,3,Hilti Services,0,0,1,1,0,0,0,0,1,0,0,3
98761341,Jun-18,1.69,Decline,1,2,1109,14,1,3645,12,350,573,0.45,4,Contractor Services,0,0,1,1,0,0,0,0,0,1,0,2
98761341,Jun-18,2.66,Decline,1,1,1420,7,10,1266,52,350,498,0.12,4,Fastners Firestop Strut,0,0,1,1,0,0,0,0,0,0,1,1
98761342,Jun-18,1.79,Stable,1,2,231,16,2,3074,48,350,965,0.11,4,Power Tools,1,0,0,1,0,0,0,1,0,0,0,1
98761342,Jun-18,0.42,Stable,1,3,1414,1,10,846,33,350,756,0.11,4,Hilti Services,1,0,0,1,0,0,0,0,1,0,0,1
98761342,Jun-18,2.62,Stable,1,2,9402,2,8,931,15,350,630,0.97,6,Contractor Services,1,0,0,1,0,0,0,0,0,1,0,3
98761342,Jun-18,1.15,Stable,1,3,5564,13,10,3158,31,350,338,0.64,7,Fastners Firestop Strut,1,0,0,1,0,0,0,0,0,0,1,1
98761343,Jun-18,2.33,Decline,1,1,9439,13,9,832,49,3500,143,0.39,10,Power Tools,0,0,1,1,0,0,0,1,0,0,0,2
98761343,Jun-18,1.07,Decline,1,1,5092,10,3,2099,70,3500,809,0.77,5,Hilti Services,0,0,1,1,0,0,0,0,1,0,0,2
98761343,Jun-18,1.62,Decline,1,1,537,14,9,1118,11,3500,721,0.63,6,Contractor Services,0,0,1,1,0,0,0,0,0,1,0,2
98761343,Jun-18,2.41,Decline,1,2,1954,15,5,4026,37,3500,935,0.74,10,Fastners Firestop Strut,0,0,1,1,0,0,0,0,0,0,1,2
98761344,Jun-18,2.89,Stable,1,2,4321,3,1,1623,20,170,265,0.67,9,Power Tools,1,0,0,1,0,0,0,1,0,0,0,3
98761344,Jun-18,1.91,Stable,1,3,4000,16,8,1619,20,170,354,0.22,7,Hilti Services,1,0,0,1,0,0,0,0,1,0,0,1
98761344,Jun-18,0.46,Stable,1,1,7633,6,6,3213,68,170,393,0.6,1,Contractor Services,1,0,0,1,0,0,0,0,0,1,0,1
98761344,Jun-18,0.41,Stable,1,2,4357,9,1,1158,69,170,782,0.83,8,Fastners Firestop Strut,1,0,0,1,0,0,0,0,0,0,1,2
98761345,Jun-18,0.51,Decline,1,2,8026,4,5,4437,54,170,784,0.75,6,Power Tools,0,0,1,1,0,0,0,1,0,0,0,3
98761345,Jun-18,0.44,Decline,1,2,4652,15,6,4079,45,170,702,0.38,3,Hilti Services,0,0,1,1,0,0,0,0,1,0,0,1
98761345,Jun-18,1.3,Decline,1,2,2769,4,10,4485,68,170,601,0.21,7,Contractor Services,0,0,1,1,0,0,0,0,0,1,0,2
98761345,Jun-18,1.64,Decline,1,3,1878,14,4,2268,29,170,662,0.29,10,Fastners Firestop Strut,0,0,1,1,0,0,0,0,0,0,1,2
98761346,Jun-18,1.18,Decline,1,1,5118,7,10,1286,60,750,788,0.42,9,Power Tools,0,0,1,1,0,0,0,1,0,0,0,2
98761346,Jun-18,1.59,Decline,1,1,4199,10,8,4819,20,750,391,0.33,7,Hilti Services,0,0,1,1,0,0,0,0,1,0,0,3
98761346,Jun-18,2.66,Decline,1,1,519,6,9,3305,19,750,690,0.36,10,Contractor Services,0,0,1,1,0,0,0,0,0,1,0,3
98761346,Jun-18,1.57,Decline,1,1,5132,15,10,1270,55,750,927,0.8,5,Fastners Firestop Strut,0,0,1,1,0,0,0,0,0,0,1,3
98761347,Jun-18,2.71,Decline,1,3,5770,11,3,1947,62,350,329,0.86,5,Power Tools,0,0,1,1,0,0,0,1,0,0,0,1
98761347,Jun-18,2.66,Decline,1,1,894,11,6,3173,14,350,850,0.56,7,Hilti Services,0,0,1,1,0,0,0,0,1,0,0,3
98761347,Jun-18,2.9,Decline,1,2,3789,11,9,750,59,350,379,0.45,2,Contractor Services,0,0,1,1,0,0,0,0,0,1,0,3
98761347,Jun-18,0.9,Decline,1,2,5690,2,10,3237,69,350,897,0.18,6,Fastners Firestop Strut,0,0,1,1,0,0,0,0,0,0,1,2
98761348,Jun-18,1.4,Decline,1,1,7658,1,9,4812,16,500,848,0.39,10,Power Tools,0,0,1,1,0,0,0,1,0,0,0,3
98761348,Jun-18,0.32,Decline,1,2,2397,13,5,3290,54,500,955,0.71,5,Hilti Services,0,0,1,1,0,0,0,0,1,0,0,2
98761348,Jun-18,0.5,Decline,1,1,4010,16,2,606,67,500,716,0.42,4,Contractor Services,0,0,1,1,0,0,0,0,0,1,0,2
98761348,Jun-18,0.98,Decline,1,3,5039,7,7,1098,16,500,318,0.47,3,Fastners Firestop Strut,0,0,1,1,0,0,0,0,0,0,1,3
98761349,Jun-18,0.35,Decline,1,2,5172,10,4,2486,59,800,647,0.17,3,Power Tools,0,0,1,1,0,0,0,1,0,0,0,3
98761349,Jun-18,1.92,Decline,1,2,7798,3,5,4886,63,800,487,0.42,5,Hilti Services,0,0,1,1,0,0,0,0,1,0,0,2
98761349,Jun-18,2.62,Decline,1,1,6949,11,7,4416,26,800,704,0.24,5,Contractor Services,0,0,1,1,0,0,0,0,0,1,0,1
98761349,Jun-18,2.67,Decline,1,1,4587,6,5,2719,59,800,500,0.98,4,Fastners Firestop Strut,0,0,1,1,0,0,0,0,0,0,1,1
98761350,Jun-18,0.92,Decline,1,1,9231,12,5,655,56,800,906,0.2,7,Power Tools,0,0,1,1,0,0,0,1,0,0,0,1
98761350,Jun-18,1.23,Decline,1,3,2191,7,1,4906,60,800,687,0.48,1,Hilti Services,0,0,1,1,0,0,0,0,1,0,0,2
98761350,Jun-18,0.45,Decline,1,1,2058,12,2,2126,20,800,659,0.99,4,Contractor Services,0,0,1,1,0,0,0,0,0,1,0,2
98761350,Jun-18,2.9,Decline,1,2,2406,11,7,1931,17,800,577,0.47,1,Fastners Firestop Strut,0,0,1,1,0,0,0,0,0,0,1,3
98761351,Jun-18,2.07,Decline,1,2,8039,9,7,4212,34,1000,352,0.72,7,Power Tools,0,0,1,1,0,0,0,1,0,0,0,3
98761351,Jun-18,0.51,Decline,1,2,9140,11,3,3437,57,1000,249,0.81,9,Hilti Services,0,0,1,1,0,0,0,0,1,0,0,3
98761351,Jun-18,1.39,Decline,1,1,8461,14,4,621,56,1000,974,0.48,3,Contractor Services,0,0,1,1,0,0,0,0,0,1,0,1
98761351,Jun-18,1.58,Decline,1,2,6750,3,4,3989,30,1000,562,0.52,3,Fastners Firestop Strut,0,0,1,1,0,0,0,0,0,0,1,1
98761352,Jun-18,2.56,Decline,1,1,2553,8,10,4296,26,4400,805,0.5,6,Power Tools,0,0,1,1,0,0,0,1,0,0,0,1
98761352,Jun-18,2.51,Decline,1,2,2648,1,3,2812,45,4400,194,0.66,6,Hilti Services,0,0,1,1,0,0,0,0,1,0,0,1
98761352,Jun-18,0.9,Decline,1,3,1851,14,9,657,12,4400,904,0.57,4,Contractor Services,0,0,1,1,0,0,0,0,0,1,0,3
98761352,Jun-18,2.37,Decline,1,1,3778,7,6,1468,13,4400,474,0.47,9,Fastners Firestop Strut,0,0,1,1,0,0,0,0,0,0,1,1
98761383,Jun-18,1.64,Stable,1,3,2301,11,10,2421,17,37,482,0.71,7,Power Tools,1,0,0,1,0,0,0,1,0,0,0,2
98761383,Jun-18,1.28,Stable,1,3,1926,10,3,1327,26,37,112,0.52,1,Hilti Services,1,0,0,1,0,0,0,0,1,0,0,2
98761383,Jun-18,1.34,Stable,1,3,6960,3,2,747,65,37,353,0.19,10,Contractor Services,1,0,0,1,0,0,0,0,0,1,0,3
98761383,Jun-18,2.08,Stable,1,2,8461,2,7,2861,44,37,618,0.13,7,Fastners Firestop Strut,1,0,0,1,0,0,0,0,0,0,1,3
98761384,Jun-18,2.77,Decline,1,2,224,5,1,922,22,7500,692,0.23,1,Power Tools,0,0,1,1,0,0,0,1,0,0,0,1
98761384,Jun-18,0.45,Decline,1,1,6429,15,9,3980,50,7500,773,0.62,10,Hilti Services,0,0,1,1,0,0,0,0,1,0,0,2
98761384,Jun-18,1.51,Decline,1,1,556,3,4,4671,11,7500,559,0.59,4,Contractor Services,0,0,1,1,0,0,0,0,0,1,0,3
98761384,Jun-18,2.37,Decline,1,3,6120,3,5,1449,56,7500,453,0.9,1,Fastners Firestop Strut,0,0,1,1,0,0,0,0,0,0,1,2
98761385,Jun-18,1.08,Stable,1,3,6270,4,9,713,65,3500,487,0.36,4,Power Tools,1,0,0,1,0,0,0,1,0,0,0,3
98761385,Jun-18,1.96,Stable,1,2,1883,3,4,4450,63,3500,890,0.67,7,Hilti Services,1,0,0,1,0,0,0,0,1,0,0,3
98761385,Jun-18,2.24,Stable,1,2,8250,2,5,2850,50,3500,411,0.58,7,Contractor Services,1,0,0,1,0,0,0,0,0,1,0,2
98761385,Jun-18,1.57,Stable,1,3,3835,8,2,4787,63,3500,758,0.25,10,Fastners Firestop Strut,1,0,0,1,0,0,0,0,0,0,1,3
98761386,Jun-18,1.17,Stable,1,3,8518,16,5,4802,25,180,124,0.8,2,Power Tools,1,0,0,1,0,0,0,1,0,0,0,1
98761386,Jun-18,0.78,Stable,1,2,2651,2,9,2892,45,180,680,0.28,1,Hilti Services,1,0,0,1,0,0,0,0,1,0,0,3
98761386,Jun-18,1.25,Stable,1,3,9088,16,4,3267,59,180,560,0.74,9,Contractor Services,1,0,0,1,0,0,0,0,0,1,0,3
98761386,Jun-18,2.28,Stable,1,1,9893,6,7,3474,23,180,303,0.98,7,Fastners Firestop Strut,1,0,0,1,0,0,0,0,0,0,1,3
98761387,Jun-18,1.75,Stable,1,1,2712,4,3,2322,66,150,302,0.99,2,Power Tools,1,0,0,1,0,0,0,1,0,0,0,2
98761387,Jun-18,2.86,Stable,1,1,6690,11,9,642,15,150,831,0.58,2,Hilti Services,1,0,0,1,0,0,0,0,1,0,0,1
98761387,Jun-18,1.43,Stable,1,2,9538,12,1,1615,57,150,775,0.97,9,Contractor Services,1,0,0,1,0,0,0,0,0,1,0,2
98761387,Jun-18,2.7,Stable,1,3,1305,11,5,3755,48,150,837,0.3,2,Fastners Firestop Strut,1,0,0,1,0,0,0,0,0,0,1,2
98761388,Jun-18,0.33,Stable,1,1,9511,16,6,4706,24,3500,956,0.67,1,Power Tools,1,0,0,1,0,0,0,1,0,0,0,2
98761388,Jun-18,2.52,Stable,1,2,8629,1,8,2279,58,3500,143,0.34,3,Hilti Services,1,0,0,1,0,0,0,0,1,0,0,1
98761388,Jun-18,1.46,Stable,1,2,5827,1,4,4158,42,3500,479,0.44,4,Contractor Services,1,0,0,1,0,0,0,0,0,1,0,1
98761388,Jun-18,1.05,Stable,1,3,8653,7,2,896,51,3500,526,0.49,4,Fastners Firestop Strut,1,0,0,1,0,0,0,0,0,0,1,1
98761389,Jun-18,2.56,Stable,1,1,5339,9,3,3283,70,3500,894,0.89,4,Power Tools,1,0,0,1,0,0,0,1,0,0,0,2
98761389,Jun-18,1.76,Stable,1,1,6892,4,8,4976,54,3500,768,0.73,2,Hilti Services,1,0,0,1,0,0,0,0,1,0,0,3
98761389,Jun-18,1.97,Stable,1,2,379,9,7,3083,17,3500,356,0.15,3,Contractor Services,1,0,0,1,0,0,0,0,0,1,0,2
98761389,Jun-18,1.22,Stable,1,1,5121,11,6,4074,32,3500,964,1.0,7,Fastners Firestop Strut,1,0,0,1,0,0,0,0,0,0,1,3
98761390,Jun-18,1.74,Stable,1,3,6724,12,1,4772,27,7,120,0.71,4,Power Tools,1,0,0,1,0,0,0,1,0,0,0,3
98761390,Jun-18,2.63,Stable,1,2,1182,14,8,2401,30,7,418,0.38,2,Hilti Services,1,0,0,1,0,0,0,0,1,0,0,1
98761390,Jun-18,2.99,Stable,1,1,1967,5,5,1300,30,7,417,0.39,4,Contractor Services,1,0,0,1,0,0,0,0,0,1,0,1
98761390,Jun-18,1.98,Stable,1,3,388,14,1,877,16,7,806,0.87,3,Fastners Firestop Strut,1,0,0,1,0,0,0,0,0,0,1,1
98761391,Jun-18,0.64,Stable,1,3,8737,9,6,3839,59,6,485,0.98,3,Power Tools,1,0,0,1,0,0,0,1,0,0,0,3
98761391,Jun-18,0.93,Stable,1,3,8225,11,9,1638,68,6,809,0.61,3,Hilti Services,1,0,0,1,0,0,0,0,1,0,0,3
98761391,Jun-18,0.58,Stable,1,2,8286,10,6,2530,56,6,781,0.99,5,Contractor Services,1,0,0,1,0,0,0,0,0,1,0,1
98761391,Jun-18,1.78,Stable,1,1,3649,1,7,2980,22,6,148,0.91,8,Fastners Firestop Strut,1,0,0,1,0,0,0,0,0,0,1,2
98761392,Jun-18,2.06,Stable,1,1,8249,5,8,4558,44,3500,855,0.95,3,Power Tools,1,0,0,1,0,0,0,1,0,0,0,3
98761392,Jun-18,0.49,Stable,1,1,2862,5,4,1301,52,3500,714,0.14,6,Hilti Services,1,0,0,1,0,0,0,0,1,0,0,3
98761392,Jun-18,2.79,Stable,1,3,9681,9,3,4405,20,3500,250,0.8,3,Contractor Services,1,0,0,1,0,0,0,0,0,1,0,1
98761392,Jun-18,2.21,Stable,1,2,3749,12,4,4751,12,3500,1000,0.89,10,Fastners Firestop Strut,1,0,0,1,0,0,0,0,0,0,1,2
98761278,Jun-18,1.93,Growth,2,1,7789,12,5,2157,60,3500,314,0.47,5,Power Tools,0,1,0,0,1,0,0,1,0,0,0,2
98761278,Jun-18,1.89,Growth,2,1,9227,13,4,2907,47,3500,394,0.67,6,Hilti Services,0,1,0,0,1,0,0,0,1,0,0,3
98761278,Jun-18,1.1,Growth,2,1,3889,2,1,3968,24,3500,376,0.12,2,Contractor Services,0,1,0,0,1,0,0,0,0,1,0,3
98761278,Jun-18,0.48,Growth,2,1,1918,11,1,1228,54,3500,932,0.66,7,Fastners Firestop Strut,0,1,0,0,1,0,0,0,0,0,1,1
98761279,Jun-18,0.67,Growth,2,2,689,15,10,1193,46,3500,875,0.38,5,Power Tools,0,1,0,0,1,0,0,1,0,0,0,1
98761279,Jun-18,2.77,Growth,2,2,7437,12,10,1397,51,3500,392,0.75,2,Hilti Services,0,1,0,0,1,0,0,0,1,0,0,3
98761279,Jun-18,1.35,Growth,2,1,276,8,7,2943,21,3500,689,0.37,6,Contractor Services,0,1,0,0,1,0,0,0,0,1,0,2
98761279,Jun-18,1.11,Growth,2,1,3872,5,6,2668,12,3500,614,0.85,1,Fastners Firestop Strut,0,1,0,0,1,0,0,0,0,0,1,2
98761280,Jun-18,0.72,Growth,2,3,4229,10,10,4411,37,3500,414,0.38,7,Power Tools,0,1,0,0,1,0,0,1,0,0,0,3
98761280,Jun-18,2.18,Growth,2,2,2859,14,6,501,52,3500,157,0.43,8,Hilti Services,0,1,0,0,1,0,0,0,1,0,0,1
98761280,Jun-18,1.15,Growth,2,3,1881,15,6,2488,19,3500,802,0.26,6,Contractor Services,0,1,0,0,1,0,0,0,0,1,0,3
98761280,Jun-18,1.26,Growth,2,2,5760,15,9,4758,33,3500,646,0.88,4,Fastners Firestop Strut,0,1,0,0,1,0,0,0,0,0,1,3
98761281,Jun-18,0.81,Growth,2,2,7358,11,2,1504,42,33,914,0.98,8,Power Tools,0,1,0,0,1,0,0,1,0,0,0,3
98761281,Jun-18,1.23,Growth,2,1,2771,6,3,1174,25,33,112,0.84,3,Hilti Services,0,1,0,0,1,0,0,0,1,0,0,1
98761281,Jun-18,1.32,Growth,2,2,6463,10,2,4284,24,33,486,0.36,7,Contractor Services,0,1,0,0,1,0,0,0,0,1,0,1
98761281,Jun-18,2.89,Growth,2,1,9747,5,5,773,15,33,935,0.67,7,Fastners Firestop Strut,0,1,0,0,1,0,0,0,0,0,1,1
98761282,Jun-18,0.67,Growth,2,2,2658,14,6,4794,18,34,558,0.66,5,Power Tools,0,1,0,0,1,0,0,1,0,0,0,3
98761282,Jun-18,2.3,Growth,2,1,8805,1,4,1158,50,34,252,0.14,7,Hilti Services,0,1,0,0,1,0,0,0,1,0,0,3
98761282,Jun-18,2.97,Growth,2,1,6620,7,8,1503,70,34,472,0.92,7,Contractor Services,0,1,0,0,1,0,0,0,0,1,0,3
98761282,Jun-18,0.73,Growth,2,1,2668,4,10,1783,28,34,816,0.46,7,Fastners Firestop Strut,0,1,0,0,1,0,0,0,0,0,1,1
98761283,Jun-18,2.85,Growth,2,1,4800,16,2,3134,62,125,803,0.46,2,Power Tools,0,1,0,0,1,0,0,1,0,0,0,3
98761283,Jun-18,1.52,Growth,2,3,1932,10,9,4741,38,125,280,0.87,3,Hilti Services,0,1,0,0,1,0,0,0,1,0,0,3
98761283,Jun-18,0.83,Growth,2,1,9765,16,2,3483,68,125,629,0.48,2,Contractor Services,0,1,0,0,1,0,0,0,0,1,0,2
98761283,Jun-18,0.7,Growth,2,3,4108,1,4,1507,32,125,110,0.54,6,Fastners Firestop Strut,0,1,0,0,1,0,0,0,0,0,1,1
98761284,Jun-18,0.52,Growth,2,3,8427,8,2,4385,34,125,971,0.45,2,Power Tools,0,1,0,0,1,0,0,1,0,0,0,1
98761284,Jun-18,0.4,Growth,2,3,7968,5,3,2783,17,125,781,0.88,2,Hilti Services,0,1,0,0,1,0,0,0,1,0,0,1
98761284,Jun-18,2.58,Growth,2,1,9368,16,3,3570,42,125,170,0.14,7,Contractor Services,0,1,0,0,1,0,0,0,0,1,0,3
98761284,Jun-18,0.54,Growth,2,1,4238,13,7,3568,32,125,403,0.53,8,Fastners Firestop Strut,0,1,0,0,1,0,0,0,0,0,1,3
98761285,Jun-18,2.85,Growth,2,3,5127,13,2,4544,53,7,167,0.15,6,Power Tools,0,1,0,0,1,0,0,1,0,0,0,2
98761285,Jun-18,1.7,Growth,2,2,4845,14,2,4661,33,7,824,0.74,3,Hilti Services,0,1,0,0,1,0,0,0,1,0,0,2
98761285,Jun-18,2.95,Growth,2,2,4665,14,5,971,59,7,127,0.16,10,Contractor Services,0,1,0,0,1,0,0,0,0,1,0,3
98761285,Jun-18,2.9,Growth,2,3,9173,11,5,1945,47,7,228,0.48,6,Fastners Firestop Strut,0,1,0,0,1,0,0,0,0,0,1,1
98761286,Jun-18,2.92,Growth,2,3,4170,12,1,2649,18,3500,710,0.66,8,Power Tools,0,1,0,0,1,0,0,1,0,0,0,3
98761286,Jun-18,2.03,Growth,2,2,4570,12,5,3980,20,3500,614,0.45,5,Hilti Services,0,1,0,0,1,0,0,0,1,0,0,1
98761286,Jun-18,2.73,Growth,2,3,6070,2,6,1475,30,3500,836,0.56,8,Contractor Services,0,1,0,0,1,0,0,0,0,1,0,3
98761286,Jun-18,2.31,Growth,2,2,8545,14,1,777,41,3500,166,0.11,3,Fastners Firestop Strut,0,1,0,0,1,0,0,0,0,0,1,3
98761287,Jun-18,1.43,Growth,2,3,3690,16,3,2033,16,7500,985,0.22,4,Power Tools,0,1,0,0,1,0,0,1,0,0,0,3
98761287,Jun-18,0.3,Growth,2,3,8127,12,3,3542,28,7500,180,0.52,4,Hilti Services,0,1,0,0,1,0,0,0,1,0,0,2
98761287,Jun-18,1.46,Growth,2,1,1667,15,5,4041,49,7500,441,0.28,1,Contractor Services,0,1,0,0,1,0,0,0,0,1,0,3
98761287,Jun-18,1.72,Growth,2,1,2689,9,5,3837,68,7500,123,0.97,9,Fastners Firestop Strut,0,1,0,0,1,0,0,0,0,0,1,1
98761288,Jun-18,2.32,Growth,2,1,4991,7,5,4208,56,750,663,0.36,9,Power Tools,0,1,0,0,1,0,0,1,0,0,0,1
98761288,Jun-18,2.63,Growth,2,1,7818,11,8,3390,70,750,631,0.26,5,Hilti Services,0,1,0,0,1,0,0,0,1,0,0,1
98761288,Jun-18,2.35,Growth,2,2,5773,6,8,3412,50,750,200,0.63,7,Contractor Services,0,1,0,0,1,0,0,0,0,1,0,2
98761288,Jun-18,1.47,Growth,2,1,5087,4,5,3644,39,750,207,0.26,7,Fastners Firestop Strut,0,1,0,0,1,0,0,0,0,0,1,2
98761289,Jun-18,1.63,Growth,2,2,7113,3,1,2271,19,42,964,0.18,5,Power Tools,0,1,0,0,1,0,0,1,0,0,0,1
98761289,Jun-18,1.43,Growth,2,1,3426,16,10,1806,26,42,988,0.62,6,Hilti Services,0,1,0,0,1,0,0,0,1,0,0,2
98761289,Jun-18,0.53,Growth,2,3,5316,3,9,4909,26,42,741,0.77,10,Contractor Services,0,1,0,0,1,0,0,0,0,1,0,1
98761289,Jun-18,2.67,Growth,2,1,2754,2,3,3900,36,42,292,0.61,10,Fastners Firestop Strut,0,1,0,0,1,0,0,0,0,0,1,2
98761290,Jun-18,2.13,Growth,2,2,6110,7,1,885,59,350,743,0.29,6,Power Tools,0,1,0,0,1,0,0,1,0,0,0,3
98761290,Jun-18,2.45,Growth,2,1,297,2,3,548,43,350,312,0.61,4,Hilti Services,0,1,0,0,1,0,0,0,1,0,0,1
98761290,Jun-18,0.51,Growth,2,1,418,4,6,3053,30,350,149,0.13,10,Contractor Services,0,1,0,0,1,0,0,0,0,1,0,2
98761290,Jun-18,0.79,Growth,2,1,898,14,2,1329,64,350,103,0.5,4,Fastners Firestop Strut,0,1,0,0,1,0,0,0,0,0,1,1
98761291,Jun-18,2.14,Growth,2,3,2579,8,2,1355,45,350,338,0.44,8,Power Tools,0,1,0,0,1,0,0,1,0,0,0,1
98761291,Jun-18,2.69,Growth,2,1,5529,14,5,4464,10,350,227,0.61,4,Hilti Services,0,1,0,0,1,0,0,0,1,0,0,1
98761291,Jun-18,2.58,Growth,2,1,8455,11,6,4524,43,350,616,0.85,10,Contractor Services,0,1,0,0,1,0,0,0,0,1,0,2
98761291,Jun-18,2.49,Growth,2,1,8651,2,6,887,42,350,532,0.86,9,Fastners Firestop Strut,0,1,0,0,1,0,0,0,0,0,1,3
98761319,Jun-18,1.03,Growth,2,2,5041,12,3,2126,34,170,299,0.69,10,Power Tools,0,1,0,0,1,0,0,1,0,0,0,3
98761319,Jun-18,2.07,Growth,2,1,3281,5,8,3947,51,170,968,0.82,1,Hilti Services,0,1,0,0,1,0,0,0,1,0,0,2
98761319,Jun-18,0.95,Growth,2,1,7143,5,1,4320,30,170,347,0.57,7,Contractor Services,0,1,0,0,1,0,0,0,0,1,0,2
98761319,Jun-18,1.01,Growth,2,1,4791,15,1,737,26,170,695,0.31,9,Fastners Firestop Strut,0,1,0,0,1,0,0,0,0,0,1,2
98761320,Jun-18,0.32,Growth,2,3,5068,3,9,3666,59,6,806,0.56,6,Power Tools,0,1,0,0,1,0,0,1,0,0,0,3
98761320,Jun-18,0.75,Growth,2,3,2221,2,8,4726,22,6,798,0.77,10,Hilti Services,0,1,0,0,1,0,0,0,1,0,0,1
98761320,Jun-18,1.86,Growth,2,3,5921,9,8,4438,23,6,951,0.4,6,Contractor Services,0,1,0,0,1,0,0,0,0,1,0,3
98761320,Jun-18,1.82,Growth,2,2,4522,2,1,2360,56,6,540,0.68,10,Fastners Firestop Strut,0,1,0,0,1,0,0,0,0,0,1,2
98761321,Jun-18,1.8,Growth,2,2,4313,9,5,4356,43,42,728,0.17,10,Power Tools,0,1,0,0,1,0,0,1,0,0,0,3
98761321,Jun-18,1.83,Growth,2,3,3159,2,5,3066,64,42,505,0.99,5,Hilti Services,0,1,0,0,1,0,0,0,1,0,0,1
98761321,Jun-18,2.39,Growth,2,3,7040,13,1,3646,41,42,469,0.97,3,Contractor Services,0,1,0,0,1,0,0,0,0,1,0,1
98761321,Jun-18,2.82,Growth,2,1,488,9,3,1533,43,42,680,0.95,3,Fastners Firestop Strut,0,1,0,0,1,0,0,0,0,0,1,2
98761322,Jun-18,1.02,Growth,2,2,9899,7,8,1767,46,42,842,0.51,3,Power Tools,0,1,0,0,1,0,0,1,0,0,0,3
98761322,Jun-18,1.04,Growth,2,3,8773,13,8,4911,14,42,572,0.47,1,Hilti Services,0,1,0,0,1,0,0,0,1,0,0,2
98761322,Jun-18,1.42,Growth,2,1,6495,14,6,1592,20,42,662,0.14,6,Contractor Services,0,1,0,0,1,0,0,0,0,1,0,1
98761322,Jun-18,1.09,Growth,2,3,823,9,8,4444,11,42,640,0.61,1,Fastners Firestop Strut,0,1,0,0,1,0,0,0,0,0,1,3
98761323,Jun-18,2.26,Stable,2,1,3521,14,6,1760,35,3500,941,0.97,8,Power Tools,1,0,0,0,1,0,0,1,0,0,0,2
98761323,Jun-18,0.92,Stable,2,2,1642,14,5,596,17,3500,576,0.38,5,Hilti Services,1,0,0,0,1,0,0,0,1,0,0,1
98761323,Jun-18,0.89,Stable,2,3,5634,14,5,3167,17,3500,294,0.68,7,Contractor Services,1,0,0,0,1,0,0,0,0,1,0,2
98761323,Jun-18,2.33,Stable,2,3,3088,16,10,1058,38,3500,248,0.17,9,Fastners Firestop Strut,1,0,0,0,1,0,0,0,0,0,1,1
98761353,Jun-18,2.58,Growth,2,2,9884,15,4,2167,32,42,659,0.65,9,Power Tools,0,1,0,0,1,0,0,1,0,0,0,3
98761353,Jun-18,2.94,Growth,2,2,5015,7,5,1193,10,42,914,0.9,6,Hilti Services,0,1,0,0,1,0,0,0,1,0,0,2
98761353,Jun-18,1.04,Growth,2,1,8282,3,6,2995,40,42,636,0.42,4,Contractor Services,0,1,0,0,1,0,0,0,0,1,0,1
98761353,Jun-18,0.37,Growth,2,1,1575,6,8,2395,33,42,538,0.75,7,Fastners Firestop Strut,0,1,0,0,1,0,0,0,0,0,1,3
98761354,Jun-18,2.97,Decline,2,1,5066,12,2,2795,30,3400,458,0.97,7,Power Tools,0,0,1,0,1,0,0,1,0,0,0,2
98761354,Jun-18,1.05,Decline,2,3,560,13,2,4998,59,3400,688,0.2,4,Hilti Services,0,0,1,0,1,0,0,0,1,0,0,2
98761354,Jun-18,2.32,Decline,2,2,5061,4,7,742,20,3400,394,0.81,7,Contractor Services,0,0,1,0,1,0,0,0,0,1,0,1
98761354,Jun-18,0.33,Decline,2,3,2336,2,3,4546,30,3400,547,0.85,8,Fastners Firestop Strut,0,0,1,0,1,0,0,0,0,0,1,2
98761355,Jun-18,2.51,Decline,2,2,4969,10,8,3719,54,12000,343,0.15,1,Power Tools,0,0,1,0,1,0,0,1,0,0,0,3
98761355,Jun-18,0.73,Decline,2,3,6914,5,2,3013,36,12000,125,0.93,2,Hilti Services,0,0,1,0,1,0,0,0,1,0,0,2
98761355,Jun-18,1.23,Decline,2,3,5182,8,10,3970,10,12000,559,0.61,4,Contractor Services,0,0,1,0,1,0,0,0,0,1,0,1
98761355,Jun-18,0.33,Decline,2,2,5827,4,7,2055,45,12000,912,0.48,9,Fastners Firestop Strut,0,0,1,0,1,0,0,0,0,0,1,3
98761356,Jun-18,2.66,Decline,2,1,9779,13,3,1370,13,170,441,0.36,6,Power Tools,0,0,1,0,1,0,0,1,0,0,0,3
98761356,Jun-18,1.19,Decline,2,3,1353,9,7,3182,42,170,111,0.85,10,Hilti Services,0,0,1,0,1,0,0,0,1,0,0,3
98761356,Jun-18,2.12,Decline,2,1,2222,11,2,3669,28,170,549,0.28,7,Contractor Services,0,0,1,0,1,0,0,0,0,1,0,3
98761356,Jun-18,1.22,Decline,2,3,4718,9,5,828,20,170,886,0.81,2,Fastners Firestop Strut,0,0,1,0,1,0,0,0,0,0,1,3
98761357,Jun-18,0.78,Decline,2,2,7608,6,4,4160,49,800,725,0.83,9,Power Tools,0,0,1,0,1,0,0,1,0,0,0,3
98761357,Jun-18,0.96,Decline,2,2,5805,12,7,531,17,800,431,0.48,10,Hilti Services,0,0,1,0,1,0,0,0,1,0,0,2
98761357,Jun-18,2.42,Decline,2,3,7730,16,6,3803,50,800,508,0.83,4,Contractor Services,0,0,1,0,1,0,0,0,0,1,0,2
98761357,Jun-18,1.83,Decline,2,3,455,11,8,4051,15,800,730,0.94,7,Fastners Firestop Strut,0,0,1,0,1,0,0,0,0,0,1,1
98761358,Jun-18,1.86,Decline,2,1,3648,10,2,2558,53,170,815,0.38,4,Power Tools,0,0,1,0,1,0,0,1,0,0,0,2
98761358,Jun-18,1.75,Decline,2,2,8740,6,7,3576,15,170,545,0.6,10,Hilti Services,0,0,1,0,1,0,0,0,1,0,0,3
98761358,Jun-18,2.98,Decline,2,2,5729,12,9,3999,42,170,805,0.45,2,Contractor Services,0,0,1,0,1,0,0,0,0,1,0,3
98761358,Jun-18,0.46,Decline,2,2,8125,14,5,1917,26,170,862,0.27,9,Fastners Firestop Strut,0,0,1,0,1,0,0,0,0,0,1,1
98761359,Jun-18,2.35,Stable,2,2,1131,6,4,4017,69,170,836,0.76,2,Power Tools,1,0,0,0,1,0,0,1,0,0,0,1
98761359,Jun-18,1.05,Stable,2,3,6834,4,2,2353,35,170,843,0.23,8,Hilti Services,1,0,0,0,1,0,0,0,1,0,0,2
98761359,Jun-18,1.52,Stable,2,3,8628,6,1,3888,38,170,474,0.35,9,Contractor Services,1,0,0,0,1,0,0,0,0,1,0,3
98761359,Jun-18,1.86,Stable,2,1,7749,4,7,960,37,170,177,0.55,2,Fastners Firestop Strut,1,0,0,0,1,0,0,0,0,0,1,1
98761360,Jun-18,2.5,Decline,2,3,9853,11,7,4685,10,12000,741,0.88,9,Power Tools,0,0,1,0,1,0,0,1,0,0,0,1
98761360,Jun-18,2.4,Decline,2,3,5725,11,9,2706,60,12000,644,0.88,9,Hilti Services,0,0,1,0,1,0,0,0,1,0,0,2
98761360,Jun-18,2.28,Decline,2,1,448,13,3,2212,21,12000,824,0.63,5,Contractor Services,0,0,1,0,1,0,0,0,0,1,0,2
98761360,Jun-18,2.45,Decline,2,1,1831,4,4,2651,17,12000,826,0.92,4,Fastners Firestop Strut,0,0,1,0,1,0,0,0,0,0,1,2
98761361,Jun-18,1.04,Decline,2,3,726,14,6,668,67,400,580,0.28,3,Power Tools,0,0,1,0,1,0,0,1,0,0,0,3
98761361,Jun-18,0.83,Decline,2,1,3571,7,10,2398,62,400,804,0.64,4,Hilti Services,0,0,1,0,1,0,0,0,1,0,0,3
98761361,Jun-18,0.92,Decline,2,3,7603,5,10,3218,60,400,658,0.83,1,Contractor Services,0,0,1,0,1,0,0,0,0,1,0,2
98761361,Jun-18,0.52,Decline,2,1,9900,8,4,2327,38,400,793,0.37,2,Fastners Firestop Strut,0,0,1,0,1,0,0,0,0,0,1,2
98761362,Jun-18,0.94,Decline,2,2,9721,7,6,1221,40,33,705,0.26,10,Power Tools,0,0,1,0,1,0,0,1,0,0,0,2
98761362,Jun-18,2.92,Decline,2,2,7983,7,8,1367,66,33,270,0.17,3,Hilti Services,0,0,1,0,1,0,0,0,1,0,0,1
98761362,Jun-18,2.73,Decline,2,1,7794,9,1,4852,63,33,474,0.63,3,Contractor Services,0,0,1,0,1,0,0,0,0,1,0,3
98761362,Jun-18,2.79,Decline,2,2,1060,4,6,3636,50,33,759,0.98,4,Fastners Firestop Strut,0,0,1,0,1,0,0,0,0,0,1,2
98761363,Jun-18,0.76,Decline,2,1,2747,2,2,1623,25,400,380,0.26,5,Power Tools,0,0,1,0,1,0,0,1,0,0,0,1
98761363,Jun-18,1.28,Decline,2,1,4239,6,2,1840,67,400,327,0.25,7,Hilti Services,0,0,1,0,1,0,0,0,1,0,0,3
98761363,Jun-18,2.24,Decline,2,2,4937,10,9,1939,65,400,482,0.81,9,Contractor Services,0,0,1,0,1,0,0,0,0,1,0,3
98761363,Jun-18,2.45,Decline,2,3,3608,8,6,785,46,400,102,0.2,2,Fastners Firestop Strut,0,0,1,0,1,0,0,0,0,0,1,2
98761364,Jun-18,1.79,Decline,2,3,413,7,3,608,16,175,803,0.78,5,Power Tools,0,0,1,0,1,0,0,1,0,0,0,1
98761364,Jun-18,1.69,Decline,2,3,8792,9,3,4228,14,175,855,0.52,7,Hilti Services,0,0,1,0,1,0,0,0,1,0,0,1
98761364,Jun-18,0.35,Decline,2,2,8960,4,10,3153,18,175,891,0.28,5,Contractor Services,0,0,1,0,1,0,0,0,0,1,0,1
98761364,Jun-18,0.51,Decline,2,1,9534,16,6,3119,60,175,957,0.54,3,Fastners Firestop Strut,0,0,1,0,1,0,0,0,0,0,1,2
98761365,Jun-18,1.53,Decline,2,2,2171,11,3,543,14,4500,601,0.27,9,Power Tools,0,0,1,0,1,0,0,1,0,0,0,2
98761365,Jun-18,2.25,Decline,2,3,819,15,10,628,66,4500,728,0.35,9,Hilti Services,0,0,1,0,1,0,0,0,1,0,0,1
98761365,Jun-18,1.06,Decline,2,3,8734,12,10,2127,34,4500,716,0.32,10,Contractor Services,0,0,1,0,1,0,0,0,0,1,0,1
98761365,Jun-18,0.43,Decline,2,2,3052,10,5,1342,33,4500,930,0.49,8,Fastners Firestop Strut,0,0,1,0,1,0,0,0,0,0,1,3
98761366,Jun-18,2.74,Decline,2,3,6569,11,1,2953,70,8,520,0.81,3,Power Tools,0,0,1,0,1,0,0,1,0,0,0,3
98761366,Jun-18,1.73,Decline,2,3,8374,14,8,4678,19,8,237,0.91,3,Hilti Services,0,0,1,0,1,0,0,0,1,0,0,2
98761366,Jun-18,0.76,Decline,2,3,1108,2,9,1972,22,8,599,0.85,6,Contractor Services,0,0,1,0,1,0,0,0,0,1,0,1
98761366,Jun-18,0.52,Decline,2,1,5680,10,2,3807,64,8,506,0.81,2,Fastners Firestop Strut,0,0,1,0,1,0,0,0,0,0,1,1
98761367,Jun-18,0.39,Decline,2,3,1023,6,2,3090,46,7,281,0.44,9,Power Tools,0,0,1,0,1,0,0,1,0,0,0,1
98761367,Jun-18,2.3,Decline,2,2,8968,9,9,4884,59,7,927,0.66,1,Hilti Services,0,0,1,0,1,0,0,0,1,0,0,1
98761367,Jun-18,2.78,Decline,2,2,1939,7,8,3654,23,7,257,0.34,4,Contractor Services,0,0,1,0,1,0,0,0,0,1,0,2
98761367,Jun-18,0.71,Decline,2,3,6133,9,6,4450,27,7,572,0.69,4,Fastners Firestop Strut,0,0,1,0,1,0,0,0,0,0,1,2
98761368,Jun-18,0.77,Decline,2,3,6718,2,9,4538,47,7500,869,0.94,3,Power Tools,0,0,1,0,1,0,0,1,0,0,0,1
98761368,Jun-18,0.54,Decline,2,1,8967,4,7,3587,39,7500,786,0.33,8,Hilti Services,0,0,1,0,1,0,0,0,1,0,0,1
98761368,Jun-18,2.45,Decline,2,1,3661,11,8,2591,32,7500,493,0.24,6,Contractor Services,0,0,1,0,1,0,0,0,0,1,0,1
98761368,Jun-18,0.63,Decline,2,1,5976,11,4,2553,59,7500,392,0.33,8,Fastners Firestop Strut,0,0,1,0,1,0,0,0,0,0,1,3
98761369,Jun-18,1.95,Decline,2,3,3744,7,10,4183,32,175,718,0.88,7,Power Tools,0,0,1,0,1,0,0,1,0,0,0,2
98761369,Jun-18,1.84,Decline,2,2,2461,14,6,3013,23,175,451,0.8,8,Hilti Services,0,0,1,0,1,0,0,0,1,0,0,2
98761369,Jun-18,2.36,Decline,2,1,5436,9,1,1161,11,175,624,0.8,2,Contractor Services,0,0,1,0,1,0,0,0,0,1,0,3
98761369,Jun-18,0.94,Decline,2,2,2733,8,7,4883,17,175,622,0.71,10,Fastners Firestop Strut,0,0,1,0,1,0,0,0,0,0,1,1
98761370,Jun-18,0.45,Decline,2,3,712,8,8,3713,48,8,388,0.91,7,Power Tools,0,0,1,0,1,0,0,1,0,0,0,2
98761370,Jun-18,2.31,Decline,2,2,6437,14,9,1203,10,8,853,0.82,9,Hilti Services,0,0,1,0,1,0,0,0,1,0,0,1
98761370,Jun-18,2.83,Decline,2,3,8732,7,1,1910,70,8,432,0.73,7,Contractor Services,0,0,1,0,1,0,0,0,0,1,0,1
98761370,Jun-18,1.61,Decline,2,3,9436,8,7,2818,14,8,637,0.78,6,Fastners Firestop Strut,0,0,1,0,1,0,0,0,0,0,1,2
98761371,Jun-18,2.64,Decline,2,3,7147,10,6,595,70,33,385,0.97,8,Power Tools,0,0,1,0,1,0,0,1,0,0,0,3
98761371,Jun-18,0.42,Decline,2,3,7531,15,2,3571,65,33,634,0.37,6,Hilti Services,0,0,1,0,1,0,0,0,1,0,0,3
98761371,Jun-18,2.81,Decline,2,3,8880,4,7,2559,46,33,462,0.33,1,Contractor Services,0,0,1,0,1,0,0,0,0,1,0,1
98761371,Jun-18,0.48,Decline,2,2,426,6,3,874,57,33,292,0.23,6,Fastners Firestop Strut,0,0,1,0,1,0,0,0,0,0,1,1
98761372,Jun-18,1.76,Decline,2,2,4495,5,8,3128,29,44,119,0.91,3,Power Tools,0,0,1,0,1,0,0,1,0,0,0,3
98761372,Jun-18,1.13,Decline,2,1,6386,16,3,4006,46,44,683,0.33,6,Hilti Services,0,0,1,0,1,0,0,0,1,0,0,2
98761372,Jun-18,0.87,Decline,2,3,6458,12,10,1325,50,44,865,0.31,6,Contractor Services,0,0,1,0,1,0,0,0,0,1,0,2
98761372,Jun-18,1.35,Decline,2,2,7749,3,2,2381,29,44,137,0.35,10,Fastners Firestop Strut,0,0,1,0,1,0,0,0,0,0,1,1
98761393,Jun-18,2.99,Stable,2,2,8175,4,7,3792,20,12000,708,0.99,1,Power Tools,1,0,0,0,1,0,0,1,0,0,0,3
98761393,Jun-18,0.99,Stable,2,3,4293,16,7,700,53,12000,679,0.79,9,Hilti Services,1,0,0,0,1,0,0,0,1,0,0,2
98761393,Jun-18,1.01,Stable,2,3,4710,4,7,3066,54,12000,604,0.9,4,Contractor Services,1,0,0,0,1,0,0,0,0,1,0,1
98761393,Jun-18,2.53,Stable,2,1,8040,4,5,4819,42,12000,820,0.2,1,Fastners Firestop Strut,1,0,0,0,1,0,0,0,0,0,1,1
98761394,Jun-18,0.9,Stable,2,1,9427,16,7,1933,18,12000,365,0.17,3,Power Tools,1,0,0,0,1,0,0,1,0,0,0,2
98761394,Jun-18,1.66,Stable,2,1,6423,14,3,4975,51,12000,214,0.85,8,Hilti Services,1,0,0,0,1,0,0,0,1,0,0,1
98761394,Jun-18,0.51,Stable,2,3,1755,13,8,741,37,12000,317,0.98,7,Contractor Services,1,0,0,0,1,0,0,0,0,1,0,2
98761394,Jun-18,1.81,Stable,2,1,8741,6,10,4668,28,12000,310,0.81,3,Fastners Firestop Strut,1,0,0,0,1,0,0,0,0,0,1,3
98761395,Jun-18,1.76,Stable,2,3,3523,1,7,638,13,450,693,0.27,9,Power Tools,1,0,0,0,1,0,0,1,0,0,0,2
98761395,Jun-18,0.72,Stable,2,3,8531,14,8,4835,49,450,813,0.25,1,Hilti Services,1,0,0,0,1,0,0,0,1,0,0,3
98761395,Jun-18,0.3,Stable,2,2,8835,4,10,2917,43,450,330,0.16,2,Contractor Services,1,0,0,0,1,0,0,0,0,1,0,1
98761395,Jun-18,2.4,Stable,2,1,9727,3,9,3195,53,450,556,0.89,7,Fastners Firestop Strut,1,0,0,0,1,0,0,0,0,0,1,1
98761396,Jun-18,2.19,Stable,2,3,9557,12,1,3341,49,3500,742,0.26,1,Power Tools,1,0,0,0,1,0,0,1,0,0,0,1
98761396,Jun-18,1.88,Stable,2,1,927,7,1,1356,42,3500,562,0.34,9,Hilti Services,1,0,0,0,1,0,0,0,1,0,0,3
98761396,Jun-18,1.22,Stable,2,2,2976,4,1,2035,33,3500,673,0.61,2,Contractor Services,1,0,0,0,1,0,0,0,0,1,0,1
98761396,Jun-18,2.49,Stable,2,1,9065,11,8,1180,64,3500,418,0.53,10,Fastners Firestop Strut,1,0,0,0,1,0,0,0,0,0,1,3
98761397,Jun-18,0.41,Stable,2,3,9517,9,4,3145,54,3500,816,0.75,9,Power Tools,1,0,0,0,1,0,0,1,0,0,0,3
98761397,Jun-18,1.09,Stable,2,2,3096,12,7,4700,65,3500,867,0.86,9,Hilti Services,1,0,0,0,1,0,0,0,1,0,0,1
98761397,Jun-18,1.59,Stable,2,1,1945,6,7,3561,13,3500,685,0.47,5,Contractor Services,1,0,0,0,1,0,0,0,0,1,0,1
98761397,Jun-18,2.69,Stable,2,3,3140,4,1,4539,21,3500,465,0.95,1,Fastners Firestop Strut,1,0,0,0,1,0,0,0,0,0,1,3
98761398,Jun-18,2.58,Stable,2,1,9176,15,6,2736,27,3500,256,0.38,1,Power Tools,1,0,0,0,1,0,0,1,0,0,0,3
98761398,Jun-18,0.81,Stable,2,3,7176,10,4,4607,61,3500,555,0.72,8,Hilti Services,1,0,0,0,1,0,0,0,1,0,0,2
98761398,Jun-18,2.5,Stable,2,2,9825,5,3,1383,30,3500,711,0.79,10,Contractor Services,1,0,0,0,1,0,0,0,0,1,0,2
98761398,Jun-18,2.46,Stable,2,3,5490,1,10,4545,28,3500,931,0.71,4,Fastners Firestop Strut,1,0,0,0,1,0,0,0,0,0,1,3
98761399,Jun-18,0.41,Stable,2,3,2287,5,2,4261,40,450,198,0.86,5,Power Tools,1,0,0,0,1,0,0,1,0,0,0,2
98761399,Jun-18,1.32,Stable,2,3,8240,13,6,2975,40,450,130,0.41,3,Hilti Services,1,0,0,0,1,0,0,0,1,0,0,1
98761399,Jun-18,0.46,Stable,2,1,6221,16,4,2675,61,450,670,0.47,4,Contractor Services,1,0,0,0,1,0,0,0,0,1,0,3
98761399,Jun-18,2.02,Stable,2,1,5727,6,9,3594,20,450,555,0.94,8,Fastners Firestop Strut,1,0,0,0,1,0,0,0,0,0,1,3
98761400,Jun-18,0.41,Stable,2,3,1717,2,2,2390,10,3500,402,0.58,2,Power Tools,1,0,0,0,1,0,0,1,0,0,0,2
98761400,Jun-18,2.18,Stable,2,1,1825,11,10,3955,69,3500,210,0.57,5,Hilti Services,1,0,0,0,1,0,0,0,1,0,0,2
98761400,Jun-18,0.67,Stable,2,1,5695,8,3,3281,27,3500,979,0.21,8,Contractor Services,1,0,0,0,1,0,0,0,0,1,0,3
98761400,Jun-18,0.68,Stable,2,1,8868,4,9,2954,19,3500,913,0.84,9,Fastners Firestop Strut,1,0,0,0,1,0,0,0,0,0,1,2
98761401,Jun-18,0.62,Growth,2,3,2490,6,10,3672,50,670,246,0.68,5,Power Tools,0,1,0,0,1,0,0,1,0,0,0,1
98761401,Jun-18,2.85,Growth,2,1,1220,16,6,1758,44,670,456,0.88,1,Hilti Services,0,1,0,0,1,0,0,0,1,0,0,2
98761401,Jun-18,2.54,Growth,2,3,3118,15,5,2095,70,670,138,0.11,7,Contractor Services,0,1,0,0,1,0,0,0,0,1,0,2
98761401,Jun-18,0.92,Growth,2,2,1209,7,6,937,31,670,465,0.55,6,Fastners Firestop Strut,0,1,0,0,1,0,0,0,0,0,1,1
98761402,Jun-18,0.59,Growth,2,1,692,12,10,2193,31,450,841,0.44,8,Power Tools,0,1,0,0,1,0,0,1,0,0,0,3
98761402,Jun-18,2.43,Growth,2,2,7081,13,7,2368,60,450,660,0.75,3,Hilti Services,0,1,0,0,1,0,0,0,1,0,0,3
98761402,Jun-18,2.79,Growth,2,2,5382,7,6,874,27,450,788,0.45,10,Contractor Services,0,1,0,0,1,0,0,0,0,1,0,1
98761402,Jun-18,1.03,Growth,2,1,3137,8,5,1588,69,450,538,0.4,5,Fastners Firestop Strut,0,1,0,0,1,0,0,0,0,0,1,3
98761292,Jun-18,1.78,Growth,3,1,9337,14,8,1099,25,750,850,0.73,1,Power Tools,0,1,0,0,0,1,0,1,0,0,0,3
98761292,Jun-18,1.25,Growth,3,3,3229,11,8,2059,38,750,627,0.4,3,Hilti Services,0,1,0,0,0,1,0,0,1,0,0,1
98761292,Jun-18,2.31,Growth,3,2,2948,1,6,757,38,750,727,0.68,3,Contractor Services,0,1,0,0,0,1,0,0,0,1,0,3
98761292,Jun-18,2.19,Growth,3,3,881,1,10,862,35,750,286,0.32,8,Fastners Firestop Strut,0,1,0,0,0,1,0,0,0,0,1,2
98761293,Jun-18,2.6,Growth,3,1,2453,16,4,1645,21,350,988,0.9,9,Power Tools,0,1,0,0,0,1,0,1,0,0,0,1
98761293,Jun-18,0.5,Growth,3,1,4579,8,4,2578,15,350,942,0.89,4,Hilti Services,0,1,0,0,0,1,0,0,1,0,0,3
98761293,Jun-18,0.98,Growth,3,3,6127,8,5,1015,33,350,934,0.63,2,Contractor Services,0,1,0,0,0,1,0,0,0,1,0,1
98761293,Jun-18,2.47,Growth,3,3,3711,4,10,1388,45,350,874,0.14,5,Fastners Firestop Strut,0,1,0,0,0,1,0,0,0,0,1,2
98761294,Jun-18,0.82,Growth,3,2,5138,10,3,2478,70,7500,578,0.58,6,Power Tools,0,1,0,0,0,1,0,1,0,0,0,3
98761294,Jun-18,1.49,Growth,3,2,3885,3,9,4346,15,7500,250,0.98,8,Hilti Services,0,1,0,0,0,1,0,0,1,0,0,3
98761294,Jun-18,2.44,Growth,3,1,6221,16,2,4878,65,7500,165,0.65,6,Contractor Services,0,1,0,0,0,1,0,0,0,1,0,3
98761294,Jun-18,0.33,Growth,3,2,4579,5,2,1871,21,7500,475,0.6,3,Fastners Firestop Strut,0,1,0,0,0,1,0,0,0,0,1,3
98761295,Jun-18,2.86,Growth,3,2,8481,16,5,4897,61,45000,185,0.51,9,Power Tools,0,1,0,0,0,1,0,1,0,0,0,3
98761295,Jun-18,2.91,Growth,3,3,6397,8,3,2383,40,45000,972,0.8,10,Hilti Services,0,1,0,0,0,1,0,0,1,0,0,2
98761295,Jun-18,1.77,Growth,3,3,7925,13,8,2574,23,45000,453,0.31,6,Contractor Services,0,1,0,0,0,1,0,0,0,1,0,3
98761295,Jun-18,2.24,Growth,3,3,9806,5,10,4194,29,45000,843,0.91,7,Fastners Firestop Strut,0,1,0,0,0,1,0,0,0,0,1,1
98761296,Jun-18,1.24,Stable,3,1,2438,10,7,3133,68,750,101,0.19,4,Power Tools,1,0,0,0,0,1,0,1,0,0,0,3
98761296,Jun-18,2.29,Stable,3,1,9579,15,4,4522,34,750,724,0.47,9,Hilti Services,1,0,0,0,0,1,0,0,1,0,0,1
98761296,Jun-18,2.06,Stable,3,2,1670,1,5,3064,43,750,766,0.87,7,Contractor Services,1,0,0,0,0,1,0,0,0,1,0,3
98761296,Jun-18,1.93,Stable,3,1,9172,14,9,2948,62,750,694,0.65,5,Fastners Firestop Strut,1,0,0,0,0,1,0,0,0,0,1,3
98761297,Jun-18,1.37,Growth,3,2,9733,5,1,2851,52,170,122,0.53,9,Power Tools,0,1,0,0,0,1,0,1,0,0,0,2
98761297,Jun-18,1.06,Growth,3,1,1425,6,10,1584,24,170,476,0.73,2,Hilti Services,0,1,0,0,0,1,0,0,1,0,0,2
98761297,Jun-18,0.8,Growth,3,1,2223,9,2,2486,54,170,713,0.67,8,Contractor Services,0,1,0,0,0,1,0,0,0,1,0,3
98761297,Jun-18,1.51,Growth,3,3,1542,11,9,4856,55,170,839,0.6,1,Fastners Firestop Strut,0,1,0,0,0,1,0,0,0,0,1,3
98761298,Jun-18,1.08,Decline,3,2,3791,4,2,3684,48,3500,221,0.73,6,Power Tools,0,0,1,0,0,1,0,1,0,0,0,3
98761298,Jun-18,2.42,Decline,3,3,4507,7,7,2857,59,3500,591,0.26,7,Hilti Services,0,0,1,0,0,1,0,0,1,0,0,1
98761298,Jun-18,2.19,Decline,3,3,3002,14,2,4512,24,3500,641,0.89,2,Contractor Services,0,0,1,0,0,1,0,0,0,1,0,3
98761298,Jun-18,0.87,Decline,3,3,4904,2,9,1905,57,3500,651,0.72,10,Fastners Firestop Strut,0,0,1,0,0,1,0,0,0,0,1,2
98761299,Jun-18,2.33,Growth,3,3,5073,12,7,628,11,8000,741,0.15,4,Power Tools,0,1,0,0,0,1,0,1,0,0,0,1
98761299,Jun-18,1.86,Growth,3,3,8090,16,1,3890,15,8000,368,0.79,4,Hilti Services,0,1,0,0,0,1,0,0,1,0,0,3
98761299,Jun-18,1.8,Growth,3,1,9947,6,10,2687,55,8000,670,0.86,2,Contractor Services,0,1,0,0,0,1,0,0,0,1,0,3
98761299,Jun-18,2.76,Growth,3,2,5748,3,6,3190,21,8000,111,0.68,1,Fastners Firestop Strut,0,1,0,0,0,1,0,0,0,0,1,2
98761300,Jun-18,0.66,Growth,3,1,6568,1,6,3179,67,3500,124,0.4,2,Power Tools,0,1,0,0,0,1,0,1,0,0,0,3
98761300,Jun-18,0.77,Growth,3,3,5112,12,9,1460,23,3500,297,0.47,3,Hilti Services,0,1,0,0,0,1,0,0,1,0,0,3
98761300,Jun-18,0.37,Growth,3,1,3249,2,9,4234,46,3500,480,0.92,5,Contractor Services,0,1,0,0,0,1,0,0,0,1,0,3
98761300,Jun-18,1.91,Growth,3,1,4527,6,5,4163,26,3500,174,0.6,8,Fastners Firestop Strut,0,1,0,0,0,1,0,0,0,0,1,1
98761324,Jun-18,2.29,Growth,3,1,213,14,9,880,38,170,966,0.92,9,Power Tools,0,1,0,0,0,1,0,1,0,0,0,2
98761324,Jun-18,2.46,Growth,3,1,8830,14,8,3098,11,170,251,0.28,4,Hilti Services,0,1,0,0,0,1,0,0,1,0,0,2
98761324,Jun-18,0.38,Growth,3,2,5923,12,8,3318,46,170,485,0.83,1,Contractor Services,0,1,0,0,0,1,0,0,0,1,0,3
98761324,Jun-18,2.43,Growth,3,2,2628,6,6,4383,42,170,527,0.47,4,Fastners Firestop Strut,0,1,0,0,0,1,0,0,0,0,1,2
98761325,Jun-18,0.52,Growth,3,1,6336,8,1,3831,55,170,170,0.32,7,Power Tools,0,1,0,0,0,1,0,1,0,0,0,3
98761325,Jun-18,1.9,Growth,3,2,4532,6,2,2467,12,170,559,0.35,4,Hilti Services,0,1,0,0,0,1,0,0,1,0,0,2
98761325,Jun-18,0.68,Growth,3,1,2769,1,7,3093,50,170,285,0.12,6,Contractor Services,0,1,0,0,0,1,0,0,0,1,0,2
98761325,Jun-18,1.44,Growth,3,2,429,9,5,1216,49,170,744,0.98,5,Fastners Firestop Strut,0,1,0,0,0,1,0,0,0,0,1,2
98761326,Jun-18,1.06,Growth,3,1,6208,12,9,1427,56,170,810,0.18,9,Power Tools,0,1,0,0,0,1,0,1,0,0,0,3
98761326,Jun-18,1.62,Growth,3,1,2804,1,8,1820,62,170,898,0.94,9,Hilti Services,0,1,0,0,0,1,0,0,1,0,0,1
98761326,Jun-18,0.5,Growth,3,2,4078,11,9,590,50,170,852,0.63,4,Contractor Services,0,1,0,0,0,1,0,0,0,1,0,2
98761326,Jun-18,0.98,Growth,3,2,5628,5,3,2065,44,170,641,0.37,8,Fastners Firestop Strut,0,1,0,0,0,1,0,0,0,0,1,3
98761327,Jun-18,1.1,Growth,3,1,3920,4,3,1575,18,42,460,0.25,4,Power Tools,0,1,0,0,0,1,0,1,0,0,0,3
98761327,Jun-18,2.09,Growth,3,3,950,1,7,3497,50,42,781,0.37,4,Hilti Services,0,1,0,0,0,1,0,0,1,0,0,3
98761327,Jun-18,0.62,Growth,3,3,1122,12,9,2696,19,42,759,0.57,2,Contractor Services,0,1,0,0,0,1,0,0,0,1,0,2
98761327,Jun-18,2.01,Growth,3,3,7122,9,2,4919,13,42,931,0.65,7,Fastners Firestop Strut,0,1,0,0,0,1,0,0,0,0,1,3
98761328,Jun-18,2.7,Growth,3,3,9718,14,8,1571,46,350,982,0.67,7,Power Tools,0,1,0,0,0,1,0,1,0,0,0,1
98761328,Jun-18,2.61,Growth,3,1,4204,1,10,617,68,350,664,0.81,9,Hilti Services,0,1,0,0,0,1,0,0,1,0,0,1
98761328,Jun-18,2.64,Growth,3,2,8404,15,9,3354,58,350,136,0.88,5,Contractor Services,0,1,0,0,0,1,0,0,0,1,0,2
98761328,Jun-18,2.37,Growth,3,2,8546,15,9,3600,21,350,413,0.23,2,Fastners Firestop Strut,0,1,0,0,0,1,0,0,0,0,1,3
98761373,Jun-18,1.21,Decline,3,3,3726,2,8,4095,66,670,582,0.34,7,Power Tools,0,0,1,0,0,1,0,1,0,0,0,3
98761373,Jun-18,1.96,Decline,3,3,3775,5,1,2535,40,670,339,0.96,9,Hilti Services,0,0,1,0,0,1,0,0,1,0,0,2
98761373,Jun-18,0.7,Decline,3,2,6050,7,6,4499,27,670,775,0.33,8,Contractor Services,0,0,1,0,0,1,0,0,0,1,0,3
98761373,Jun-18,0.38,Decline,3,3,889,15,2,4930,55,670,109,0.67,7,Fastners Firestop Strut,0,0,1,0,0,1,0,0,0,0,1,3
98761374,Jun-18,1.24,Decline,3,1,4111,4,2,2534,56,8,180,0.79,9,Power Tools,0,0,1,0,0,1,0,1,0,0,0,3
98761374,Jun-18,1.46,Decline,3,1,2020,12,2,895,54,8,841,0.35,1,Hilti Services,0,0,1,0,0,1,0,0,1,0,0,3
98761374,Jun-18,1.09,Decline,3,3,7474,7,8,1917,32,8,961,0.36,5,Contractor Services,0,0,1,0,0,1,0,0,0,1,0,3
98761374,Jun-18,0.38,Decline,3,1,7412,6,9,4401,11,8,285,0.5,6,Fastners Firestop Strut,0,0,1,0,0,1,0,0,0,0,1,3
98761375,Jun-18,1.4,Decline,3,2,2769,7,8,4785,21,7,340,0.33,1,Power Tools,0,0,1,0,0,1,0,1,0,0,0,3
98761375,Jun-18,1.89,Decline,3,1,3684,16,3,4716,53,7,290,0.72,6,Hilti Services,0,0,1,0,0,1,0,0,1,0,0,3
98761375,Jun-18,1.61,Decline,3,3,8368,5,8,2175,44,7,390,0.52,3,Contractor Services,0,0,1,0,0,1,0,0,0,1,0,2
98761375,Jun-18,2.01,Decline,3,3,8434,7,4,2322,38,7,462,0.16,6,Fastners Firestop Strut,0,0,1,0,0,1,0,0,0,0,1,3
98761376,Jun-18,2.88,Decline,3,1,343,16,9,2885,61,175,883,0.38,7,Power Tools,0,0,1,0,0,1,0,1,0,0,0,3
98761376,Jun-18,2.41,Decline,3,2,1363,9,3,3533,41,175,325,0.36,8,Hilti Services,0,0,1,0,0,1,0,0,1,0,0,1
98761376,Jun-18,0.68,Decline,3,1,8198,14,4,1452,27,175,395,0.33,6,Contractor Services,0,0,1,0,0,1,0,0,0,1,0,1
98761376,Jun-18,1.69,Decline,3,2,4655,1,6,4023,45,175,333,0.27,5,Fastners Firestop Strut,0,0,1,0,0,1,0,0,0,0,1,3
98761377,Jun-18,0.71,Decline,3,3,6686,12,1,655,11,45,856,0.58,10,Power Tools,0,0,1,0,0,1,0,1,0,0,0,3
98761377,Jun-18,2.22,Decline,3,3,3025,5,3,955,55,45,900,0.15,4,Hilti Services,0,0,1,0,0,1,0,0,1,0,0,1
98761377,Jun-18,0.6,Decline,3,2,7282,8,8,3672,41,45,166,0.42,9,Contractor Services,0,0,1,0,0,1,0,0,0,1,0,2
98761377,Jun-18,2.84,Decline,3,2,2643,13,2,1806,35,45,894,0.45,2,Fastners Firestop Strut,0,0,1,0,0,1,0,0,0,0,1,1
98761403,Jun-18,1.1,Stable,3,3,9290,15,3,2948,61,34,477,0.94,5,Power Tools,1,0,0,0,0,1,0,1,0,0,0,3
98761403,Jun-18,1.18,Stable,3,2,9730,14,4,4794,14,34,908,0.6,5,Hilti Services,1,0,0,0,0,1,0,0,1,0,0,2
98761403,Jun-18,1.37,Stable,3,1,5851,12,10,4041,51,34,285,0.86,9,Contractor Services,1,0,0,0,0,1,0,0,0,1,0,3
98761403,Jun-18,2.36,Stable,3,1,3335,5,6,3088,19,34,562,0.84,1,Fastners Firestop Strut,1,0,0,0,0,1,0,0,0,0,1,3
98761404,Jun-18,1.52,Growth,3,2,7018,10,1,3813,35,345,413,0.31,10,Power Tools,0,1,0,0,0,1,0,1,0,0,0,3
98761404,Jun-18,2.0,Growth,3,3,3400,5,8,1494,29,345,482,0.4,7,Hilti Services,0,1,0,0,0,1,0,0,1,0,0,2
98761404,Jun-18,1.51,Growth,3,3,5140,8,2,3102,62,345,310,0.71,7,Contractor Services,0,1,0,0,0,1,0,0,0,1,0,1
98761404,Jun-18,1.33,Growth,3,3,1426,7,7,685,21,345,522,0.42,9,Fastners Firestop Strut,0,1,0,0,0,1,0,0,0,0,1,3
98761405,Jun-18,1.86,Stable,3,1,9098,14,7,1856,70,125,986,0.34,10,Power Tools,1,0,0,0,0,1,0,1,0,0,0,3
98761405,Jun-18,0.68,Stable,3,2,2225,10,5,2976,39,125,940,0.17,2,Hilti Services,1,0,0,0,0,1,0,0,1,0,0,1
98761405,Jun-18,1.98,Stable,3,2,9626,8,10,4660,17,125,841,0.27,5,Contractor Services,1,0,0,0,0,1,0,0,0,1,0,3
98761405,Jun-18,1.07,Stable,3,1,5463,10,10,2088,57,125,187,0.33,7,Fastners Firestop Strut,1,0,0,0,0,1,0,0,0,0,1,3
98761406,Jun-18,0.94,Stable,3,1,6381,7,4,2686,45,125,209,0.23,1,Power Tools,1,0,0,0,0,1,0,1,0,0,0,3
98761406,Jun-18,2.43,Stable,3,3,5534,1,6,3449,20,125,215,0.53,9,Hilti Services,1,0,0,0,0,1,0,0,1,0,0,2
98761406,Jun-18,2.3,Stable,3,2,9356,7,2,1738,10,125,811,0.93,1,Contractor Services,1,0,0,0,0,1,0,0,0,1,0,1
98761406,Jun-18,2.99,Stable,3,1,6859,7,9,1819,29,125,634,0.53,4,Fastners Firestop Strut,1,0,0,0,0,1,0,0,0,0,1,2
98761407,Jun-18,1.58,Stable,3,1,4551,12,3,991,15,325,871,0.2,1,Power Tools,1,0,0,0,0,1,0,1,0,0,0,3
98761407,Jun-18,2.55,Stable,3,1,9982,15,9,1156,26,325,739,0.69,10,Hilti Services,1,0,0,0,0,1,0,0,1,0,0,2
98761407,Jun-18,2.57,Stable,3,1,5811,7,5,2644,19,325,576,0.3,5,Contractor Services,1,0,0,0,0,1,0,0,0,1,0,1
98761407,Jun-18,1.29,Stable,3,3,7639,10,3,1842,42,325,813,0.3,3,Fastners Firestop Strut,1,0,0,0,0,1,0,0,0,0,1,2
98761301,Jun-18,1.93,Growth,4,3,3594,4,9,3117,60,3500,835,0.91,4,Power Tools,0,1,0,0,0,0,1,1,0,0,0,1
98761301,Jun-18,0.58,Growth,4,1,8733,6,8,3896,61,3500,291,0.25,1,Hilti Services,0,1,0,0,0,0,1,0,1,0,0,3
98761301,Jun-18,0.78,Growth,4,1,1533,5,7,2493,70,3500,296,0.37,3,Contractor Services,0,1,0,0,0,0,1,0,0,1,0,2
98761301,Jun-18,1.87,Growth,4,2,436,14,5,2238,64,3500,927,0.64,3,Fastners Firestop Strut,0,1,0,0,0,0,1,0,0,0,1,3
98761302,Jun-18,1.79,Decline,4,2,5851,11,7,1253,42,42,969,0.4,5,Power Tools,0,0,1,0,0,0,1,1,0,0,0,2
98761302,Jun-18,1.13,Decline,4,1,4380,10,5,3724,32,42,322,0.71,6,Hilti Services,0,0,1,0,0,0,1,0,1,0,0,2
98761302,Jun-18,0.65,Decline,4,1,4290,15,1,1902,49,42,385,0.31,1,Contractor Services,0,0,1,0,0,0,1,0,0,1,0,1
98761302,Jun-18,1.81,Decline,4,1,1910,7,6,528,46,42,795,0.48,5,Fastners Firestop Strut,0,0,1,0,0,0,1,0,0,0,1,2
98761303,Jun-18,0.69,Growth,4,1,7167,10,9,500,39,170,590,0.16,3,Power Tools,0,1,0,0,0,0,1,1,0,0,0,2
98761303,Jun-18,0.36,Growth,4,1,3262,6,3,3989,42,170,296,0.32,2,Hilti Services,0,1,0,0,0,0,1,0,1,0,0,1
98761303,Jun-18,1.71,Growth,4,3,7819,16,6,963,36,170,515,0.12,10,Contractor Services,0,1,0,0,0,0,1,0,0,1,0,2
98761303,Jun-18,1.87,Growth,4,2,9681,2,4,2612,24,170,275,0.86,4,Fastners Firestop Strut,0,1,0,0,0,0,1,0,0,0,1,2
98761304,Jun-18,1.0,Growth,4,1,3986,16,3,4088,47,350,589,0.98,1,Power Tools,0,1,0,0,0,0,1,1,0,0,0,2
98761304,Jun-18,1.9,Growth,4,3,5662,1,3,4139,58,350,670,0.21,2,Hilti Services,0,1,0,0,0,0,1,0,1,0,0,3
98761304,Jun-18,1.59,Growth,4,3,3195,9,4,648,59,350,607,0.69,7,Contractor Services,0,1,0,0,0,0,1,0,0,1,0,1
98761304,Jun-18,2.54,Growth,4,1,3379,10,5,764,32,350,770,0.27,5,Fastners Firestop Strut,0,1,0,0,0,0,1,0,0,0,1,2
98761305,Jun-18,1.21,Decline,4,1,829,3,5,1918,27,42,874,0.93,8,Power Tools,0,0,1,0,0,0,1,1,0,0,0,2
98761305,Jun-18,2.88,Decline,4,3,5824,9,7,2814,37,42,321,0.77,3,Hilti Services,0,0,1,0,0,0,1,0,1,0,0,3
98761305,Jun-18,2.78,Decline,4,3,3866,11,2,3320,58,42,974,0.49,3,Contractor Services,0,0,1,0,0,0,1,0,0,1,0,2
98761305,Jun-18,2.03,Decline,4,1,8233,9,7,2303,64,42,646,0.55,7,Fastners Firestop Strut,0,0,1,0,0,0,1,0,0,0,1,1
98761306,Jun-18,0.64,Decline,4,2,849,4,3,2290,69,42,124,0.6,4,Power Tools,0,0,1,0,0,0,1,1,0,0,0,2
98761306,Jun-18,2.11,Decline,4,2,5299,6,8,760,59,42,214,0.96,6,Hilti Services,0,0,1,0,0,0,1,0,1,0,0,1
98761306,Jun-18,1.58,Decline,4,3,6303,6,1,2459,23,42,415,0.28,9,Contractor Services,0,0,1,0,0,0,1,0,0,1,0,2
98761306,Jun-18,2.74,Decline,4,2,759,9,6,4467,29,42,449,0.87,3,Fastners Firestop Strut,0,0,1,0,0,0,1,0,0,0,1,3
98761307,Jun-18,0.54,Growth,4,3,5306,9,2,3053,69,350,367,0.33,3,Power Tools,0,1,0,0,0,0,1,1,0,0,0,1
98761307,Jun-18,0.4,Growth,4,1,9743,4,2,4134,38,350,654,0.6,8,Hilti Services,0,1,0,0,0,0,1,0,1,0,0,2
98761307,Jun-18,1.24,Growth,4,1,9356,16,4,1851,25,350,127,0.84,2,Contractor Services,0,1,0,0,0,0,1,0,0,1,0,1
98761307,Jun-18,0.48,Growth,4,1,1249,15,9,2045,23,350,207,0.98,10,Fastners Firestop Strut,0,1,0,0,0,0,1,0,0,0,1,2
98761308,Jun-18,1.78,Growth,4,3,6852,6,9,4348,26,350,562,0.34,9,Power Tools,0,1,0,0,0,0,1,1,0,0,0,2
98761308,Jun-18,1.6,Growth,4,2,2012,13,10,1261,12,350,625,0.62,6,Hilti Services,0,1,0,0,0,0,1,0,1,0,0,3
98761308,Jun-18,2.16,Growth,4,2,7300,15,4,3168,48,350,448,0.93,4,Contractor Services,0,1,0,0,0,0,1,0,0,1,0,3
98761308,Jun-18,2.86,Growth,4,3,7460,1,2,1262,56,350,432,0.91,3,Fastners Firestop Strut,0,1,0,0,0,0,1,0,0,0,1,3
98761329,Jun-18,0.39,Growth,4,1,2207,8,2,3927,68,170,379,0.84,7,Power Tools,0,1,0,0,0,0,1,1,0,0,0,2
98761329,Jun-18,0.7,Growth,4,3,4572,8,9,1730,23,170,383,0.93,8,Hilti Services,0,1,0,0,0,0,1,0,1,0,0,2
98761329,Jun-18,0.7,Growth,4,2,1681,15,10,2757,54,170,682,0.93,10,Contractor Services,0,1,0,0,0,0,1,0,0,1,0,3
98761329,Jun-18,1.12,Growth,4,3,7538,11,4,1407,25,170,383,0.87,6,Fastners Firestop Strut,0,1,0,0,0,0,1,0,0,0,1,1
98761330,Jun-18,1.43,Stable,4,1,7907,11,5,2100,63,3500,160,0.28,8,Power Tools,1,0,0,0,0,0,1,1,0,0,0,2
98761330,Jun-18,2.96,Stable,4,2,9859,8,10,2458,63,3500,384,0.78,8,Hilti Services,1,0,0,0,0,0,1,0,1,0,0,1
98761330,Jun-18,0.93,Stable,4,2,7122,9,7,3338,16,3500,612,0.84,2,Contractor Services,1,0,0,0,0,0,1,0,0,1,0,1
98761330,Jun-18,0.56,Stable,4,2,8992,4,7,3671,22,3500,205,0.42,5,Fastners Firestop Strut,1,0,0,0,0,0,1,0,0,0,1,1
98761331,Jun-18,2.84,Growth,4,3,1026,8,10,3411,13,3500,972,0.51,5,Power Tools,0,1,0,0,0,0,1,1,0,0,0,1
98761331,Jun-18,0.89,Growth,4,1,4659,2,5,3513,59,3500,553,0.86,6,Hilti Services,0,1,0,0,0,0,1,0,1,0,0,3
98761331,Jun-18,1.83,Growth,4,2,7618,2,5,884,61,3500,529,0.61,5,Contractor Services,0,1,0,0,0,0,1,0,0,1,0,2
98761331,Jun-18,2.69,Growth,4,2,6153,4,3,3376,11,3500,821,0.8,10,Fastners Firestop Strut,0,1,0,0,0,0,1,0,0,0,1,1
98761332,Jun-18,1.84,Growth,4,1,4017,2,6,616,42,3500,903,0.34,5,Power Tools,0,1,0,0,0,0,1,1,0,0,0,2
98761332,Jun-18,1.54,Growth,4,1,9470,5,9,2882,50,3500,715,0.72,3,Hilti Services,0,1,0,0,0,0,1,0,1,0,0,3
98761332,Jun-18,2.18,Growth,4,2,2869,9,10,2206,37,3500,253,0.66,4,Contractor Services,0,1,0,0,0,0,1,0,0,1,0,2
98761332,Jun-18,2.09,Growth,4,1,718,10,9,1675,29,3500,949,0.28,4,Fastners Firestop Strut,0,1,0,0,0,0,1,0,0,0,1,2
98761378,Jun-18,0.84,Decline,4,1,658,12,8,800,22,400,418,0.68,2,Power Tools,0,0,1,0,0,0,1,1,0,0,0,2
98761378,Jun-18,1.33,Decline,4,3,4684,6,4,2921,17,400,564,0.42,1,Hilti Services,0,0,1,0,0,0,1,0,1,0,0,2
98761378,Jun-18,0.43,Decline,4,2,7784,8,1,1830,24,400,862,0.2,3,Contractor Services,0,0,1,0,0,0,1,0,0,1,0,1
98761378,Jun-18,0.52,Decline,4,3,5001,5,3,692,24,400,950,0.41,9,Fastners Firestop Strut,0,0,1,0,0,0,1,0,0,0,1,3
98761379,Jun-18,0.81,Stable,4,1,7697,13,3,4850,23,400,972,0.74,4,Power Tools,1,0,0,0,0,0,1,1,0,0,0,3
98761379,Jun-18,2.53,Stable,4,3,7862,10,8,3182,28,400,696,0.65,8,Hilti Services,1,0,0,0,0,0,1,0,1,0,0,1
98761379,Jun-18,0.45,Stable,4,1,5362,6,1,4128,27,400,222,0.96,5,Contractor Services,1,0,0,0,0,0,1,0,0,1,0,3
98761379,Jun-18,1.64,Stable,4,1,8512,15,6,586,23,400,853,0.16,10,Fastners Firestop Strut,1,0,0,0,0,0,1,0,0,0,1,1
98761380,Jun-18,2.97,Stable,4,3,2594,7,7,2805,26,175,175,0.42,4,Power Tools,1,0,0,0,0,0,1,1,0,0,0,2
98761380,Jun-18,1.32,Stable,4,2,3359,3,9,3174,14,175,951,0.5,6,Hilti Services,1,0,0,0,0,0,1,0,1,0,0,3
98761380,Jun-18,1.85,Stable,4,2,1275,3,8,3658,64,175,120,0.87,3,Contractor Services,1,0,0,0,0,0,1,0,0,1,0,3
98761380,Jun-18,0.43,Stable,4,3,5776,7,4,3550,57,175,376,0.95,8,Fastners Firestop Strut,1,0,0,0,0,0,1,0,0,0,1,1
98761381,Jun-18,1.43,Decline,4,2,5902,8,6,3524,20,3500,301,0.15,1,Power Tools,0,0,1,0,0,0,1,1,0,0,0,3
98761381,Jun-18,1.52,Decline,4,1,4531,4,1,4865,49,3500,222,0.2,1,Hilti Services,0,0,1,0,0,0,1,0,1,0,0,1
98761381,Jun-18,2.39,Decline,4,1,6687,3,9,2021,32,3500,568,0.52,2,Contractor Services,0,0,1,0,0,0,1,0,0,1,0,3
98761381,Jun-18,0.91,Decline,4,1,5203,2,5,4817,19,3500,473,0.74,7,Fastners Firestop Strut,0,0,1,0,0,0,1,0,0,0,1,3
98761382,Jun-18,2.38,Decline,4,2,3688,1,7,1862,29,12000,497,0.73,10,Power Tools,0,0,1,0,0,0,1,1,0,0,0,1
98761382,Jun-18,2.88,Decline,4,2,7527,15,3,992,36,12000,221,0.57,8,Hilti Services,0,0,1,0,0,0,1,0,1,0,0,2
98761382,Jun-18,2.98,Decline,4,1,8505,5,10,3550,42,12000,357,0.21,10,Contractor Services,0,0,1,0,0,0,1,0,0,1,0,1
98761382,Jun-18,2.21,Decline,4,2,6111,3,7,4251,50,12000,793,0.19,6,Fastners Firestop Strut,0,0,1,0,0,0,1,0,0,0,1,1
98761408,Jun-18,2.76,Stable,4,2,3762,5,3,2423,44,200,933,0.21,3,Power Tools,1,0,0,0,0,0,1,1,0,0,0,2
98761408,Jun-18,1.52,Stable,4,3,4490,4,7,1387,40,200,457,0.85,7,Hilti Services,1,0,0,0,0,0,1,0,1,0,0,2
98761408,Jun-18,2.55,Stable,4,1,1437,1,3,4593,33,200,377,0.63,3,Contractor Services,1,0,0,0,0,0,1,0,0,1,0,2
98761408,Jun-18,0.49,Stable,4,3,3544,3,3,3736,65,200,775,0.83,6,Fastners Firestop Strut,1,0,0,0,0,0,1,0,0,0,1,1
98761409,Jun-18,2.69,Stable,4,1,8458,3,8,3794,46,2000,988,0.44,3,Power Tools,1,0,0,0,0,0,1,1,0,0,0,2
98761409,Jun-18,2.67,Stable,4,2,6372,10,4,3401,24,2000,912,0.13,1,Hilti Services,1,0,0,0,0,0,1,0,1,0,0,3
98761409,Jun-18,0.63,Stable,4,1,1342,10,3,1677,22,2000,395,0.7,4,Contractor Services,1,0,0,0,0,0,1,0,0,1,0,2
98761409,Jun-18,1.35,Stable,4,3,3927,4,1,1993,65,2000,335,0.75,4,Fastners Firestop Strut,1,0,0,0,0,0,1,0,0,0,1,3
98761410,Jun-18,0.43,Stable,4,3,1895,11,5,1847,67,800,420,0.27,7,Power Tools,1,0,0,0,0,0,1,1,0,0,0,1
98761410,Jun-18,2.64,Stable,4,3,5553,5,5,2071,39,800,271,0.33,6,Hilti Services,1,0,0,0,0,0,1,0,1,0,0,3
98761410,Jun-18,0.47,Stable,4,2,5573,7,6,1351,65,800,347,0.59,6,Contractor Services,1,0,0,0,0,0,1,0,0,1,0,1
98761410,Jun-18,0.59,Stable,4,3,8224,6,5,2534,37,800,150,0.44,1,Fastners Firestop Strut,1,0,0,0,0,0,1,0,0,0,1,3
